image_id,file_name,distortion,severity,snr_db
724,000000000724.jpg,gauss_noise,low,18.697
1425,000000001425.jpg,gauss_noise,low,23.0005
1532,000000001532.jpg,gauss_noise,low,19.2847
3255,000000003255.jpg,gauss_noise,low,23.7561
3501,000000003501.jpg,gauss_noise,low,22.3735
3661,000000003661.jpg,gauss_noise,low,18.5896
6954,000000006954.jpg,gauss_noise,low,19.87
7795,000000007795.jpg,gauss_noise,low,19.4688
9914,000000009914.jpg,gauss_noise,low,17.7659
10092,000000010092.jpg,gauss_noise,low,19.0413
10977,000000010977.jpg,gauss_noise,low,24.4487
11122,000000011122.jpg,gauss_noise,low,19.1196
12280,000000012280.jpg,gauss_noise,low,20.7233
15079,000000015079.jpg,gauss_noise,low,17.5217
17031,000000017031.jpg,gauss_noise,low,20.571
17178,000000017178.jpg,gauss_noise,low,19.9068
17905,000000017905.jpg,gauss_noise,low,20.8907
20247,000000020247.jpg,gauss_noise,low,21.9447
21604,000000021604.jpg,gauss_noise,low,12.8218
22396,000000022396.jpg,gauss_noise,low,22.6384
22623,000000022623.jpg,gauss_noise,low,16.571
23126,000000023126.jpg,gauss_noise,low,18.4231
23781,000000023781.jpg,gauss_noise,low,19.4835
24610,000000024610.jpg,gauss_noise,low,20.385
25386,000000025386.jpg,gauss_noise,low,18.26
25560,000000025560.jpg,gauss_noise,low,18.6245
28449,000000028449.jpg,gauss_noise,low,20.7871
29984,000000029984.jpg,gauss_noise,low,18.1258
30494,000000030494.jpg,gauss_noise,low,19.1757
31217,000000031217.jpg,gauss_noise,low,16.022
31248,000000031248.jpg,gauss_noise,low,18.3963
31620,000000031620.jpg,gauss_noise,low,19.6206
32081,000000032081.jpg,gauss_noise,low,17.7506
32570,000000032570.jpg,gauss_noise,low,18.4579
32817,000000032817.jpg,gauss_noise,low,18.0577
32901,000000032901.jpg,gauss_noise,low,19.1711
33109,000000033109.jpg,gauss_noise,low,21.984
37670,000000037670.jpg,gauss_noise,low,18.4185
38678,000000038678.jpg,gauss_noise,low,21.0492
39405,000000039405.jpg,gauss_noise,low,11.2836
42178,000000042178.jpg,gauss_noise,low,16.981
42296,000000042296.jpg,gauss_noise,low,22.4152
43314,000000043314.jpg,gauss_noise,low,19.8034
44652,000000044652.jpg,gauss_noise,low,19.0856
51598,000000051598.jpg,gauss_noise,low,22.172
51976,000000051976.jpg,gauss_noise,low,17.357
52017,000000052017.jpg,gauss_noise,low,21.4109
52413,000000052413.jpg,gauss_noise,low,19.3723
53505,000000053505.jpg,gauss_noise,low,21.6475
53909,000000053909.jpg,gauss_noise,low,18.7879
54592,000000054592.jpg,gauss_noise,low,20.0064
60507,000000060507.jpg,gauss_noise,low,20.0805
60899,000000060899.jpg,gauss_noise,low,18.0388
63047,000000063047.jpg,gauss_noise,low,17.1126
64084,000000064084.jpg,gauss_noise,low,19.8347
66231,000000066231.jpg,gauss_noise,low,16.844
66886,000000066886.jpg,gauss_noise,low,18.4201
67406,000000067406.jpg,gauss_noise,low,21.3585
67616,000000067616.jpg,gauss_noise,low,18.3129
69138,000000069138.jpg,gauss_noise,low,15.9529
74092,000000074092.jpg,gauss_noise,low,12.7904
74200,000000074200.jpg,gauss_noise,low,16.247
76547,000000076547.jpg,gauss_noise,low,18.2442
76625,000000076625.jpg,gauss_noise,low,18.8268
79014,000000079014.jpg,gauss_noise,low,18.3802
79144,000000079144.jpg,gauss_noise,low,19.1624
80659,000000080659.jpg,gauss_noise,low,18.5985
81594,000000081594.jpg,gauss_noise,low,21.7152
84031,000000084031.jpg,gauss_noise,low,17.2495
84431,000000084431.jpg,gauss_noise,low,21.6722
85665,000000085665.jpg,gauss_noise,low,26.6878
86956,000000086956.jpg,gauss_noise,low,15.5612
87476,000000087476.jpg,gauss_noise,low,14.7397
89078,000000089078.jpg,gauss_noise,low,24.0654
90208,000000090208.jpg,gauss_noise,low,20.1572
90631,000000090631.jpg,gauss_noise,low,20.6847
91615,000000091615.jpg,gauss_noise,low,18.6031
91654,000000091654.jpg,gauss_noise,low,18.5429
92053,000000092053.jpg,gauss_noise,low,13.3382
94871,000000094871.jpg,gauss_noise,low,18.5977
95899,000000095899.jpg,gauss_noise,low,22.9224
96001,000000096001.jpg,gauss_noise,low,23.1368
99054,000000099054.jpg,gauss_noise,low,18.1132
100274,000000100274.jpg,gauss_noise,low,19.9101
100510,000000100510.jpg,gauss_noise,low,18.9429
101068,000000101068.jpg,gauss_noise,low,20.4845
101762,000000101762.jpg,gauss_noise,low,19.2454
102707,000000102707.jpg,gauss_noise,low,18.7578
102820,000000102820.jpg,gauss_noise,low,21.5431
104619,000000104619.jpg,gauss_noise,low,23.2764
105335,000000105335.jpg,gauss_noise,low,18.7005
106389,000000106389.jpg,gauss_noise,low,19.052
106912,000000106912.jpg,gauss_noise,low,21.7853
107226,000000107226.jpg,gauss_noise,low,21.4978
107554,000000107554.jpg,gauss_noise,low,18.5818
109916,000000109916.jpg,gauss_noise,low,17.7731
110359,000000110359.jpg,gauss_noise,low,23.3426
110999,000000110999.jpg,gauss_noise,low,12.5043
111207,000000111207.jpg,gauss_noise,low,19.9752
111951,000000111951.jpg,gauss_noise,low,19.4627
113354,000000113354.jpg,gauss_noise,low,17.2516
113720,000000113720.jpg,gauss_noise,low,18.148
114049,000000114049.jpg,gauss_noise,low,16.0732
116362,000000116362.jpg,gauss_noise,low,19.9051
116589,000000116589.jpg,gauss_noise,low,19.3466
118594,000000118594.jpg,gauss_noise,low,21.3425
122166,000000122166.jpg,gauss_noise,low,20.657
122962,000000122962.jpg,gauss_noise,low,18.23
124975,000000124975.jpg,gauss_noise,low,20.1293
125778,000000125778.jpg,gauss_noise,low,18.6445
125806,000000125806.jpg,gauss_noise,low,18.3767
127182,000000127182.jpg,gauss_noise,low,18.1162
127394,000000127394.jpg,gauss_noise,low,16.5983
127624,000000127624.jpg,gauss_noise,low,20.9704
130826,000000130826.jpg,gauss_noise,low,21.6593
131386,000000131386.jpg,gauss_noise,low,23.2455
131556,000000131556.jpg,gauss_noise,low,25.8418
133969,000000133969.jpg,gauss_noise,low,19.1859
134886,000000134886.jpg,gauss_noise,low,21.9982
136915,000000136915.jpg,gauss_noise,low,17.4822
140439,000000140439.jpg,gauss_noise,low,22.1443
140640,000000140640.jpg,gauss_noise,low,16.1849
142092,000000142092.jpg,gauss_noise,low,17.8461
142790,000000142790.jpg,gauss_noise,low,23.7977
147729,000000147729.jpg,gauss_noise,low,14.0566
148730,000000148730.jpg,gauss_noise,low,24.5345
149770,000000149770.jpg,gauss_noise,low,25.1141
151000,000000151000.jpg,gauss_noise,low,19.666
151480,000000151480.jpg,gauss_noise,low,20.2473
151820,000000151820.jpg,gauss_noise,low,19.9067
151938,000000151938.jpg,gauss_noise,low,16.6519
155051,000000155051.jpg,gauss_noise,low,10.0255
155443,000000155443.jpg,gauss_noise,low,18.7566
157418,000000157418.jpg,gauss_noise,low,19.3453
157767,000000157767.jpg,gauss_noise,low,18.3954
158227,000000158227.jpg,gauss_noise,low,18.5897
159311,000000159311.jpg,gauss_noise,low,17.0239
160556,000000160556.jpg,gauss_noise,low,14.0158
161861,000000161861.jpg,gauss_noise,low,19.493
161879,000000161879.jpg,gauss_noise,low,16.2021
162543,000000162543.jpg,gauss_noise,low,19.9734
162732,000000162732.jpg,gauss_noise,low,19.6633
163117,000000163117.jpg,gauss_noise,low,20.8265
163290,000000163290.jpg,gauss_noise,low,21.159
163314,000000163314.jpg,gauss_noise,low,19.6184
163640,000000163640.jpg,gauss_noise,low,19.0825
164115,000000164115.jpg,gauss_noise,low,17.5581
166287,000000166287.jpg,gauss_noise,low,20.2598
166391,000000166391.jpg,gauss_noise,low,17.1235
166509,000000166509.jpg,gauss_noise,low,15.6125
170116,000000170116.jpg,gauss_noise,low,16.4881
172648,000000172648.jpg,gauss_noise,low,19.8512
172877,000000172877.jpg,gauss_noise,low,19.6213
173057,000000173057.jpg,gauss_noise,low,22.7753
173830,000000173830.jpg,gauss_noise,low,23.0485
175443,000000175443.jpg,gauss_noise,low,13.2569
176232,000000176232.jpg,gauss_noise,low,25.0928
176901,000000176901.jpg,gauss_noise,low,23.0794
177935,000000177935.jpg,gauss_noise,low,18.7429
178028,000000178028.jpg,gauss_noise,low,15.6561
179392,000000179392.jpg,gauss_noise,low,19.4497
180878,000000180878.jpg,gauss_noise,low,18.9804
181796,000000181796.jpg,gauss_noise,low,17.8361
182611,000000182611.jpg,gauss_noise,low,18.8108
185157,000000185157.jpg,gauss_noise,low,22.7956
186637,000000186637.jpg,gauss_noise,low,17.6895
186873,000000186873.jpg,gauss_noise,low,16.3096
186980,000000186980.jpg,gauss_noise,low,22.5292
187734,000000187734.jpg,gauss_noise,low,21.6755
189698,000000189698.jpg,gauss_noise,low,17.8636
189806,000000189806.jpg,gauss_noise,low,21.4911
190140,000000190140.jpg,gauss_noise,low,16.1395
190923,000000190923.jpg,gauss_noise,low,18.3315
191471,000000191471.jpg,gauss_noise,low,20.9872
191580,000000191580.jpg,gauss_noise,low,18.6617
192871,000000192871.jpg,gauss_noise,low,18.3596
194471,000000194471.jpg,gauss_noise,low,21.2838
196185,000000196185.jpg,gauss_noise,low,23.7478
200839,000000200839.jpg,gauss_noise,low,20.1677
200961,000000200961.jpg,gauss_noise,low,22.8107
202228,000000202228.jpg,gauss_noise,low,19.4787
205647,000000205647.jpg,gauss_noise,low,23.932
206025,000000206025.jpg,gauss_noise,low,21.5266
206411,000000206411.jpg,gauss_noise,low,17.5907
206838,000000206838.jpg,gauss_noise,low,21.2401
207585,000000207585.jpg,gauss_noise,low,20.694
209972,000000209972.jpg,gauss_noise,low,20.3795
210030,000000210030.jpg,gauss_noise,low,19.5234
210388,000000210388.jpg,gauss_noise,low,22.6543
210789,000000210789.jpg,gauss_noise,low,19.2825
211674,000000211674.jpg,gauss_noise,low,24.1646
212895,000000212895.jpg,gauss_noise,low,21.0291
213035,000000213035.jpg,gauss_noise,low,15.361
213593,000000213593.jpg,gauss_noise,low,11.2173
214192,000000214192.jpg,gauss_noise,low,20.7037
215259,000000215259.jpg,gauss_noise,low,20.1783
216296,000000216296.jpg,gauss_noise,low,17.0153
218997,000000218997.jpg,gauss_noise,low,20.5299
219440,000000219440.jpg,gauss_noise,low,17.4212
220310,000000220310.jpg,gauss_noise,low,19.5879
221291,000000221291.jpg,gauss_noise,low,21.4795
222825,000000222825.jpg,gauss_noise,low,18.9376
222863,000000222863.jpg,gauss_noise,low,18.4662
223738,000000223738.jpg,gauss_noise,low,21.1563
223747,000000223747.jpg,gauss_noise,low,15.2865
224093,000000224093.jpg,gauss_noise,low,19.8697
227044,000000227044.jpg,gauss_noise,low,20.425
227187,000000227187.jpg,gauss_noise,low,20.8841
227511,000000227511.jpg,gauss_noise,low,20.9127
227765,000000227765.jpg,gauss_noise,low,17.3474
228981,000000228981.jpg,gauss_noise,low,22.076
229997,000000229997.jpg,gauss_noise,low,19.06
230819,000000230819.jpg,gauss_noise,low,21.2874
231088,000000231088.jpg,gauss_noise,low,18.0264
231097,000000231097.jpg,gauss_noise,low,9.756
233825,000000233825.jpg,gauss_noise,low,16.483
235057,000000235057.jpg,gauss_noise,low,18.1481
235836,000000235836.jpg,gauss_noise,low,19.7553
239347,000000239347.jpg,gauss_noise,low,17.2228
240940,000000240940.jpg,gauss_noise,low,18.6139
242287,000000242287.jpg,gauss_noise,low,21.9249
243344,000000243344.jpg,gauss_noise,low,19.163
244379,000000244379.jpg,gauss_noise,low,22.8437
244496,000000244496.jpg,gauss_noise,low,17.7418
246883,000000246883.jpg,gauss_noise,low,21.3695
249025,000000249025.jpg,gauss_noise,low,19.59
249129,000000249129.jpg,gauss_noise,low,18.5892
251537,000000251537.jpg,gauss_noise,low,17.7371
251824,000000251824.jpg,gauss_noise,low,18.2706
253433,000000253433.jpg,gauss_noise,low,19.2907
253452,000000253452.jpg,gauss_noise,low,19.8649
254016,000000254016.jpg,gauss_noise,low,20.5725
255401,000000255401.jpg,gauss_noise,low,21.7286
255747,000000255747.jpg,gauss_noise,low,21.8636
255824,000000255824.jpg,gauss_noise,low,21.5708
256518,000000256518.jpg,gauss_noise,low,18.0366
256916,000000256916.jpg,gauss_noise,low,18.112
257169,000000257169.jpg,gauss_noise,low,22.6999
257478,000000257478.jpg,gauss_noise,low,16.787
259382,000000259382.jpg,gauss_noise,low,17.3585
259830,000000259830.jpg,gauss_noise,low,17.719
260105,000000260105.jpg,gauss_noise,low,22.8452
261061,000000261061.jpg,gauss_noise,low,16.164
262048,000000262048.jpg,gauss_noise,low,21.6907
263403,000000263403.jpg,gauss_noise,low,23.2912
265816,000000265816.jpg,gauss_noise,low,21.2556
266082,000000266082.jpg,gauss_noise,low,19.076
267537,000000267537.jpg,gauss_noise,low,19.9264
267670,000000267670.jpg,gauss_noise,low,17.847
269113,000000269113.jpg,gauss_noise,low,17.7734
270244,000000270244.jpg,gauss_noise,low,16.4531
270297,000000270297.jpg,gauss_noise,low,17.809
270677,000000270677.jpg,gauss_noise,low,18.9114
273198,000000273198.jpg,gauss_noise,low,20.3476
273420,000000273420.jpg,gauss_noise,low,20.1747
273712,000000273712.jpg,gauss_noise,low,20.2111
273760,000000273760.jpg,gauss_noise,low,21.8579
275749,000000275749.jpg,gauss_noise,low,17.7899
276055,000000276055.jpg,gauss_noise,low,22.4763
277584,000000277584.jpg,gauss_noise,low,18.9821
278848,000000278848.jpg,gauss_noise,low,18.3565
279927,000000279927.jpg,gauss_noise,low,22.9567
280930,000000280930.jpg,gauss_noise,low,21.4276
282912,000000282912.jpg,gauss_noise,low,19.1302
283037,000000283037.jpg,gauss_noise,low,16.2097
286422,000000286422.jpg,gauss_noise,low,20.7739
286660,000000286660.jpg,gauss_noise,low,20.7414
287527,000000287527.jpg,gauss_noise,low,21.8087
289594,000000289594.jpg,gauss_noise,low,20.821
289659,000000289659.jpg,gauss_noise,low,20.9677
295797,000000295797.jpg,gauss_noise,low,18.9038
295809,000000295809.jpg,gauss_noise,low,18.3766
297427,000000297427.jpg,gauss_noise,low,18.4539
306136,000000306136.jpg,gauss_noise,low,13.198
306893,000000306893.jpg,gauss_noise,low,18.2207
307658,000000307658.jpg,gauss_noise,low,20.4358
308193,000000308193.jpg,gauss_noise,low,20.476
308476,000000308476.jpg,gauss_noise,low,20.3349
309484,000000309484.jpg,gauss_noise,low,19.6267
314709,000000314709.jpg,gauss_noise,low,24.9476
314914,000000314914.jpg,gauss_noise,low,18.9454
316666,000000316666.jpg,gauss_noise,low,13.517
319534,000000319534.jpg,gauss_noise,low,21.5506
320490,000000320490.jpg,gauss_noise,low,16.1421
320743,000000320743.jpg,gauss_noise,low,21.6194
322724,000000322724.jpg,gauss_noise,low,23.4762
323828,000000323828.jpg,gauss_noise,low,16.9338
323895,000000323895.jpg,gauss_noise,low,22.6222
326462,000000326462.jpg,gauss_noise,low,19.9963
327601,000000327601.jpg,gauss_noise,low,18.0893
328430,000000328430.jpg,gauss_noise,low,21.4053
329827,000000329827.jpg,gauss_noise,low,21.3637
330790,000000330790.jpg,gauss_noise,low,19.1531
330818,000000330818.jpg,gauss_noise,low,20.3688
331317,000000331317.jpg,gauss_noise,low,20.8085
332845,000000332845.jpg,gauss_noise,low,18.5844
333237,000000333237.jpg,gauss_noise,low,20.4159
335954,000000335954.jpg,gauss_noise,low,17.2655
336232,000000336232.jpg,gauss_noise,low,17.8852
338304,000000338304.jpg,gauss_noise,low,16.0695
338625,000000338625.jpg,gauss_noise,low,23.336
339823,000000339823.jpg,gauss_noise,low,20.2462
339870,000000339870.jpg,gauss_noise,low,11.3205
341058,000000341058.jpg,gauss_noise,low,18.3053
342186,000000342186.jpg,gauss_noise,low,19.1037
343466,000000343466.jpg,gauss_noise,low,16.2347
346638,000000346638.jpg,gauss_noise,low,16.9024
347930,000000347930.jpg,gauss_noise,low,16.3853
348216,000000348216.jpg,gauss_noise,low,20.5069
348488,000000348488.jpg,gauss_noise,low,20.1217
348708,000000348708.jpg,gauss_noise,low,17.9429
349678,000000349678.jpg,gauss_noise,low,19.8837
350122,000000350122.jpg,gauss_noise,low,20.1089
351530,000000351530.jpg,gauss_noise,low,20.889
352618,000000352618.jpg,gauss_noise,low,21.4472
354829,000000354829.jpg,gauss_noise,low,18.6663
356125,000000356125.jpg,gauss_noise,low,19.6896
356428,000000356428.jpg,gauss_noise,low,18.4284
357060,000000357060.jpg,gauss_noise,low,16.7872
357737,000000357737.jpg,gauss_noise,low,23.1934
358923,000000358923.jpg,gauss_noise,low,20.0649
361268,000000361268.jpg,gauss_noise,low,18.0989
361571,000000361571.jpg,gauss_noise,low,20.2451
362716,000000362716.jpg,gauss_noise,low,17.884
363784,000000363784.jpg,gauss_noise,low,17.2816
364166,000000364166.jpg,gauss_noise,low,19.6536
366141,000000366141.jpg,gauss_noise,low,19.917
366199,000000366199.jpg,gauss_noise,low,20.0877
368456,000000368456.jpg,gauss_noise,low,19.3992
370900,000000370900.jpg,gauss_noise,low,19.8255
372577,000000372577.jpg,gauss_noise,low,20.2539
372718,000000372718.jpg,gauss_noise,low,24.1921
376206,000000376206.jpg,gauss_noise,low,20.2928
376284,000000376284.jpg,gauss_noise,low,18.1803
376478,000000376478.jpg,gauss_noise,low,20.3173
377113,000000377113.jpg,gauss_noise,low,20.5348
377239,000000377239.jpg,gauss_noise,low,20.0275
377882,000000377882.jpg,gauss_noise,low,20.8517
380913,000000380913.jpg,gauss_noise,low,18.7924
381587,000000381587.jpg,gauss_noise,low,20.3331
383621,000000383621.jpg,gauss_noise,low,22.8776
384666,000000384666.jpg,gauss_noise,low,22.3332
385719,000000385719.jpg,gauss_noise,low,18.1032
387148,000000387148.jpg,gauss_noise,low,19.5407
387383,000000387383.jpg,gauss_noise,low,18.1704
388056,000000388056.jpg,gauss_noise,low,19.7268
388903,000000388903.jpg,gauss_noise,low,20.6656
393226,000000393226.jpg,gauss_noise,low,20.4955
395801,000000395801.jpg,gauss_noise,low,19.0573
396205,000000396205.jpg,gauss_noise,low,18.0785
396274,000000396274.jpg,gauss_noise,low,18.5699
397681,000000397681.jpg,gauss_noise,low,23.4342
399655,000000399655.jpg,gauss_noise,low,20.1335
400044,000000400044.jpg,gauss_noise,low,22.0097
400082,000000400082.jpg,gauss_noise,low,19.878
402118,000000402118.jpg,gauss_noise,low,17.0597
402720,000000402720.jpg,gauss_noise,low,17.7557
404191,000000404191.jpg,gauss_noise,low,19.6215
404484,000000404484.jpg,gauss_noise,low,20.783
404805,000000404805.jpg,gauss_noise,low,19.3233
407825,000000407825.jpg,gauss_noise,low,18.937
407960,000000407960.jpg,gauss_noise,low,15.9222
408830,000000408830.jpg,gauss_noise,low,19.7928
409268,000000409268.jpg,gauss_noise,low,22.2983
410487,000000410487.jpg,gauss_noise,low,19.4292
410712,000000410712.jpg,gauss_noise,low,16.7511
411754,000000411754.jpg,gauss_noise,low,20.5958
411774,000000411774.jpg,gauss_noise,low,14.636
414340,000000414340.jpg,gauss_noise,low,22.0879
414676,000000414676.jpg,gauss_noise,low,20.4015
415238,000000415238.jpg,gauss_noise,low,14.7943
415990,000000415990.jpg,gauss_noise,low,21.7587
416837,000000416837.jpg,gauss_noise,low,23.4105
418696,000000418696.jpg,gauss_noise,low,19.3021
420069,000000420069.jpg,gauss_noise,low,22.8534
420281,000000420281.jpg,gauss_noise,low,21.3373
421455,000000421455.jpg,gauss_noise,low,20.5571
424521,000000424521.jpg,gauss_noise,low,18.3404
424975,000000424975.jpg,gauss_noise,low,22.1609
426241,000000426241.jpg,gauss_noise,low,18.1358
426268,000000426268.jpg,gauss_noise,low,22.9837
426372,000000426372.jpg,gauss_noise,low,19.6509
427500,000000427500.jpg,gauss_noise,low,19.7908
429718,000000429718.jpg,gauss_noise,low,20.6083
431727,000000431727.jpg,gauss_noise,low,24.3563
431848,000000431848.jpg,gauss_noise,low,19.4508
435003,000000435003.jpg,gauss_noise,low,19.7308
435205,000000435205.jpg,gauss_noise,low,19.4431
435206,000000435206.jpg,gauss_noise,low,26.3157
436315,000000436315.jpg,gauss_noise,low,20.872
436617,000000436617.jpg,gauss_noise,low,15.2621
437205,000000437205.jpg,gauss_noise,low,20.2296
437331,000000437331.jpg,gauss_noise,low,22.8902
439426,000000439426.jpg,gauss_noise,low,18.5656
440336,000000440336.jpg,gauss_noise,low,17.7869
440475,000000440475.jpg,gauss_noise,low,16.8068
441442,000000441442.jpg,gauss_noise,low,16.8299
441491,000000441491.jpg,gauss_noise,low,20.216
442456,000000442456.jpg,gauss_noise,low,18.9475
443844,000000443844.jpg,gauss_noise,low,21.4529
445602,000000445602.jpg,gauss_noise,low,23.2581
445675,000000445675.jpg,gauss_noise,low,19.319
445846,000000445846.jpg,gauss_noise,low,18.962
446207,000000446207.jpg,gauss_noise,low,16.1984
447313,000000447313.jpg,gauss_noise,low,20.3686
449198,000000449198.jpg,gauss_noise,low,16.6224
449996,000000449996.jpg,gauss_noise,low,22.27
451435,000000451435.jpg,gauss_noise,low,16.884
453001,000000453001.jpg,gauss_noise,low,17.5711
453708,000000453708.jpg,gauss_noise,low,15.9242
453981,000000453981.jpg,gauss_noise,low,17.935
454798,000000454798.jpg,gauss_noise,low,22.0047
459195,000000459195.jpg,gauss_noise,low,20.1184
459396,000000459396.jpg,gauss_noise,low,18.4738
459887,000000459887.jpg,gauss_noise,low,17.4877
462576,000000462576.jpg,gauss_noise,low,16.8621
463542,000000463542.jpg,gauss_noise,low,21.1295
464476,000000464476.jpg,gauss_noise,low,17.5802
464689,000000464689.jpg,gauss_noise,low,21.8739
467315,000000467315.jpg,gauss_noise,low,20.453
470121,000000470121.jpg,gauss_noise,low,18.6209
473118,000000473118.jpg,gauss_noise,low,17.3313
475387,000000475387.jpg,gauss_noise,low,22.19
475904,000000475904.jpg,gauss_noise,low,16.7847
476704,000000476704.jpg,gauss_noise,low,21.817
477623,000000477623.jpg,gauss_noise,low,22.9133
478286,000000478286.jpg,gauss_noise,low,18.4619
478721,000000478721.jpg,gauss_noise,low,21.2895
479248,000000479248.jpg,gauss_noise,low,16.9308
480936,000000480936.jpg,gauss_noise,low,20.0529
484760,000000484760.jpg,gauss_noise,low,20.8679
488075,000000488075.jpg,gauss_noise,low,21.3841
491613,000000491613.jpg,gauss_noise,low,22.4553
491683,000000491683.jpg,gauss_noise,low,18.5374
492077,000000492077.jpg,gauss_noise,low,18.2168
492878,000000492878.jpg,gauss_noise,low,20.9389
492968,000000492968.jpg,gauss_noise,low,25.6223
496409,000000496409.jpg,gauss_noise,low,21.7609
496571,000000496571.jpg,gauss_noise,low,22.3097
499031,000000499031.jpg,gauss_noise,low,22.3098
499768,000000499768.jpg,gauss_noise,low,20.8871
500049,000000500049.jpg,gauss_noise,low,21.2916
502168,000000502168.jpg,gauss_noise,low,20.9062
502347,000000502347.jpg,gauss_noise,low,19.0735
504074,000000504074.jpg,gauss_noise,low,18.4613
504415,000000504415.jpg,gauss_noise,low,21.8087
507473,000000507473.jpg,gauss_noise,low,20.5462
508602,000000508602.jpg,gauss_noise,low,19.1001
512836,000000512836.jpg,gauss_noise,low,21.0755
512929,000000512929.jpg,gauss_noise,low,20.2535
514586,000000514586.jpg,gauss_noise,low,18.4308
515982,000000515982.jpg,gauss_noise,low,20.8158
516318,000000516318.jpg,gauss_noise,low,21.5661
516601,000000516601.jpg,gauss_noise,low,18.3882
516916,000000516916.jpg,gauss_noise,low,21.8505
519039,000000519039.jpg,gauss_noise,low,18.1211
522940,000000522940.jpg,gauss_noise,low,20.3428
523033,000000523033.jpg,gauss_noise,low,21.7709
524456,000000524456.jpg,gauss_noise,low,18.5132
526706,000000526706.jpg,gauss_noise,low,19.0726
527427,000000527427.jpg,gauss_noise,low,17.7386
527528,000000527528.jpg,gauss_noise,low,20.8261
528578,000000528578.jpg,gauss_noise,low,22.6923
529122,000000529122.jpg,gauss_noise,low,23.3749
532058,000000532058.jpg,gauss_noise,low,24.0676
533855,000000533855.jpg,gauss_noise,low,15.5191
534601,000000534601.jpg,gauss_noise,low,19.4831
537270,000000537270.jpg,gauss_noise,low,19.1419
538067,000000538067.jpg,gauss_noise,low,21.9412
544605,000000544605.jpg,gauss_noise,low,17.5026
545100,000000545100.jpg,gauss_noise,low,20.3692
545407,000000545407.jpg,gauss_noise,low,21.4128
546325,000000546325.jpg,gauss_noise,low,18.1011
546659,000000546659.jpg,gauss_noise,low,23.2098
546976,000000546976.jpg,gauss_noise,low,19.5984
547502,000000547502.jpg,gauss_noise,low,21.6426
549055,000000549055.jpg,gauss_noise,low,22.8078
550349,000000550349.jpg,gauss_noise,low,20.6783
551820,000000551820.jpg,gauss_noise,low,19.2382
552883,000000552883.jpg,gauss_noise,low,20.2203
552902,000000552902.jpg,gauss_noise,low,17.3304
556000,000000556000.jpg,gauss_noise,low,16.4789
559707,000000559707.jpg,gauss_noise,low,24.1426
560266,000000560266.jpg,gauss_noise,low,17.6205
560474,000000560474.jpg,gauss_noise,low,16.8735
560880,000000560880.jpg,gauss_noise,low,18.2375
564023,000000564023.jpg,gauss_noise,low,16.9919
565012,000000565012.jpg,gauss_noise,low,16.3578
565624,000000565624.jpg,gauss_noise,low,19.4869
566436,000000566436.jpg,gauss_noise,low,16.6691
567886,000000567886.jpg,gauss_noise,low,19.3589
569917,000000569917.jpg,gauss_noise,low,17.2453
570688,000000570688.jpg,gauss_noise,low,21.9224
571008,000000571008.jpg,gauss_noise,low,21.1598
572388,000000572388.jpg,gauss_noise,low,21.1253
577584,000000577584.jpg,gauss_noise,low,18.8206
578871,000000578871.jpg,gauss_noise,low,17.8409
578967,000000578967.jpg,gauss_noise,low,19.6146
579158,000000579158.jpg,gauss_noise,low,19.1219
580294,000000580294.jpg,gauss_noise,low,20.9325
724,000000000724.jpg,gauss_noise,med,14.257
1425,000000001425.jpg,gauss_noise,med,16.8273
1532,000000001532.jpg,gauss_noise,med,14.3212
3255,000000003255.jpg,gauss_noise,med,16.6077
3501,000000003501.jpg,gauss_noise,med,14.8259
3661,000000003661.jpg,gauss_noise,med,13.7875
6954,000000006954.jpg,gauss_noise,med,15.0659
7795,000000007795.jpg,gauss_noise,med,15.6141
9914,000000009914.jpg,gauss_noise,med,12.6122
10092,000000010092.jpg,gauss_noise,med,14.0812
10977,000000010977.jpg,gauss_noise,med,18.5006
11122,000000011122.jpg,gauss_noise,med,14.8367
12280,000000012280.jpg,gauss_noise,med,16.2659
15079,000000015079.jpg,gauss_noise,med,11.4188
17031,000000017031.jpg,gauss_noise,med,12.7595
17178,000000017178.jpg,gauss_noise,med,12.9084
17905,000000017905.jpg,gauss_noise,med,13.0079
20247,000000020247.jpg,gauss_noise,med,14.474
21604,000000021604.jpg,gauss_noise,med,6.9128
22396,000000022396.jpg,gauss_noise,med,15.6136
22623,000000022623.jpg,gauss_noise,med,13.2657
23126,000000023126.jpg,gauss_noise,med,14.0313
23781,000000023781.jpg,gauss_noise,med,13.7188
24610,000000024610.jpg,gauss_noise,med,13.0661
25386,000000025386.jpg,gauss_noise,med,12.6641
25560,000000025560.jpg,gauss_noise,med,11.3432
28449,000000028449.jpg,gauss_noise,med,11.6529
29984,000000029984.jpg,gauss_noise,med,15.143
30494,000000030494.jpg,gauss_noise,med,11.7425
31217,000000031217.jpg,gauss_noise,med,11.7617
31248,000000031248.jpg,gauss_noise,med,13.0707
31620,000000031620.jpg,gauss_noise,med,13.3231
32081,000000032081.jpg,gauss_noise,med,13.3882
32570,000000032570.jpg,gauss_noise,med,13.4492
32817,000000032817.jpg,gauss_noise,med,12.9187
32901,000000032901.jpg,gauss_noise,med,15.7613
33109,000000033109.jpg,gauss_noise,med,13.8963
37670,000000037670.jpg,gauss_noise,med,13.8077
38678,000000038678.jpg,gauss_noise,med,14.3417
39405,000000039405.jpg,gauss_noise,med,4.8118
42178,000000042178.jpg,gauss_noise,med,12.2897
42296,000000042296.jpg,gauss_noise,med,12.9801
43314,000000043314.jpg,gauss_noise,med,15.423
44652,000000044652.jpg,gauss_noise,med,11.8145
51598,000000051598.jpg,gauss_noise,med,15.5619
51976,000000051976.jpg,gauss_noise,med,12.4923
52017,000000052017.jpg,gauss_noise,med,18.1053
52413,000000052413.jpg,gauss_noise,med,10.9824
53505,000000053505.jpg,gauss_noise,med,13.041
53909,000000053909.jpg,gauss_noise,med,15.102
54592,000000054592.jpg,gauss_noise,med,14.0331
60507,000000060507.jpg,gauss_noise,med,14.2329
60899,000000060899.jpg,gauss_noise,med,13.5378
63047,000000063047.jpg,gauss_noise,med,13.9633
64084,000000064084.jpg,gauss_noise,med,14.1654
66231,000000066231.jpg,gauss_noise,med,13.3366
66886,000000066886.jpg,gauss_noise,med,14.4874
67406,000000067406.jpg,gauss_noise,med,17.8093
67616,000000067616.jpg,gauss_noise,med,12.6454
69138,000000069138.jpg,gauss_noise,med,12.1893
74092,000000074092.jpg,gauss_noise,med,9.6281
74200,000000074200.jpg,gauss_noise,med,11.7965
76547,000000076547.jpg,gauss_noise,med,14.3648
76625,000000076625.jpg,gauss_noise,med,13.1316
79014,000000079014.jpg,gauss_noise,med,13.6218
79144,000000079144.jpg,gauss_noise,med,12.5657
80659,000000080659.jpg,gauss_noise,med,14.495
81594,000000081594.jpg,gauss_noise,med,14.8892
84031,000000084031.jpg,gauss_noise,med,12.7791
84431,000000084431.jpg,gauss_noise,med,15.543
85665,000000085665.jpg,gauss_noise,med,20.6226
86956,000000086956.jpg,gauss_noise,med,10.6499
87476,000000087476.jpg,gauss_noise,med,10.0977
89078,000000089078.jpg,gauss_noise,med,15.5495
90208,000000090208.jpg,gauss_noise,med,13.0981
90631,000000090631.jpg,gauss_noise,med,14.5009
91615,000000091615.jpg,gauss_noise,med,15.1492
91654,000000091654.jpg,gauss_noise,med,14.3641
92053,000000092053.jpg,gauss_noise,med,7.2773
94871,000000094871.jpg,gauss_noise,med,13.8097
95899,000000095899.jpg,gauss_noise,med,15.4155
96001,000000096001.jpg,gauss_noise,med,15.9747
99054,000000099054.jpg,gauss_noise,med,13.5933
100274,000000100274.jpg,gauss_noise,med,14.4457
100510,000000100510.jpg,gauss_noise,med,11.6976
101068,000000101068.jpg,gauss_noise,med,15.7789
101762,000000101762.jpg,gauss_noise,med,13.6684
102707,000000102707.jpg,gauss_noise,med,13.3456
102820,000000102820.jpg,gauss_noise,med,13.535
104619,000000104619.jpg,gauss_noise,med,14.8728
105335,000000105335.jpg,gauss_noise,med,15.3611
106389,000000106389.jpg,gauss_noise,med,15.4157
106912,000000106912.jpg,gauss_noise,med,15.2121
107226,000000107226.jpg,gauss_noise,med,13.4687
107554,000000107554.jpg,gauss_noise,med,12.3135
109916,000000109916.jpg,gauss_noise,med,15.0645
110359,000000110359.jpg,gauss_noise,med,14.5227
110999,000000110999.jpg,gauss_noise,med,6.2085
111207,000000111207.jpg,gauss_noise,med,11.2712
111951,000000111951.jpg,gauss_noise,med,15.1947
113354,000000113354.jpg,gauss_noise,med,13.2169
113720,000000113720.jpg,gauss_noise,med,14.8178
114049,000000114049.jpg,gauss_noise,med,13.3631
116362,000000116362.jpg,gauss_noise,med,15.4548
116589,000000116589.jpg,gauss_noise,med,13.4135
118594,000000118594.jpg,gauss_noise,med,15.7535
122166,000000122166.jpg,gauss_noise,med,16.3635
122962,000000122962.jpg,gauss_noise,med,11.2048
124975,000000124975.jpg,gauss_noise,med,15.982
125778,000000125778.jpg,gauss_noise,med,13.8079
125806,000000125806.jpg,gauss_noise,med,13.7533
127182,000000127182.jpg,gauss_noise,med,14.4452
127394,000000127394.jpg,gauss_noise,med,13.2237
127624,000000127624.jpg,gauss_noise,med,12.5367
130826,000000130826.jpg,gauss_noise,med,13.5434
131386,000000131386.jpg,gauss_noise,med,17.6031
131556,000000131556.jpg,gauss_noise,med,19.0657
133969,000000133969.jpg,gauss_noise,med,14.1071
134886,000000134886.jpg,gauss_noise,med,14.9837
136915,000000136915.jpg,gauss_noise,med,13.7529
140439,000000140439.jpg,gauss_noise,med,18.1846
140640,000000140640.jpg,gauss_noise,med,11.9404
142092,000000142092.jpg,gauss_noise,med,13.8702
142790,000000142790.jpg,gauss_noise,med,17.2273
147729,000000147729.jpg,gauss_noise,med,7.4511
148730,000000148730.jpg,gauss_noise,med,16.9546
149770,000000149770.jpg,gauss_noise,med,18.0624
151000,000000151000.jpg,gauss_noise,med,14.9621
151480,000000151480.jpg,gauss_noise,med,12.4506
151820,000000151820.jpg,gauss_noise,med,13.7953
151938,000000151938.jpg,gauss_noise,med,11.7498
155051,000000155051.jpg,gauss_noise,med,3.6588
155443,000000155443.jpg,gauss_noise,med,11.4471
157418,000000157418.jpg,gauss_noise,med,13.8388
157767,000000157767.jpg,gauss_noise,med,15.4504
158227,000000158227.jpg,gauss_noise,med,12.308
159311,000000159311.jpg,gauss_noise,med,11.9637
160556,000000160556.jpg,gauss_noise,med,10.6725
161861,000000161861.jpg,gauss_noise,med,15.2108
161879,000000161879.jpg,gauss_noise,med,11.1508
162543,000000162543.jpg,gauss_noise,med,15.2851
162732,000000162732.jpg,gauss_noise,med,15.0687
163117,000000163117.jpg,gauss_noise,med,17.5773
163290,000000163290.jpg,gauss_noise,med,16.6
163314,000000163314.jpg,gauss_noise,med,12.9141
163640,000000163640.jpg,gauss_noise,med,13.7744
164115,000000164115.jpg,gauss_noise,med,12.8095
166287,000000166287.jpg,gauss_noise,med,12.7365
166391,000000166391.jpg,gauss_noise,med,12.1647
166509,000000166509.jpg,gauss_noise,med,12.3997
170116,000000170116.jpg,gauss_noise,med,12.4593
172648,000000172648.jpg,gauss_noise,med,14.42
172877,000000172877.jpg,gauss_noise,med,12.2044
173057,000000173057.jpg,gauss_noise,med,13.8642
173830,000000173830.jpg,gauss_noise,med,16.8103
175443,000000175443.jpg,gauss_noise,med,10.0943
176232,000000176232.jpg,gauss_noise,med,18.3248
176901,000000176901.jpg,gauss_noise,med,16.4374
177935,000000177935.jpg,gauss_noise,med,12.5862
178028,000000178028.jpg,gauss_noise,med,11.1956
179392,000000179392.jpg,gauss_noise,med,15.9384
180878,000000180878.jpg,gauss_noise,med,12.9168
181796,000000181796.jpg,gauss_noise,med,14.7849
182611,000000182611.jpg,gauss_noise,med,12.0841
185157,000000185157.jpg,gauss_noise,med,14.8481
186637,000000186637.jpg,gauss_noise,med,12.4178
186873,000000186873.jpg,gauss_noise,med,11.5179
186980,000000186980.jpg,gauss_noise,med,13.9354
187734,000000187734.jpg,gauss_noise,med,13.9299
189698,000000189698.jpg,gauss_noise,med,11.9337
189806,000000189806.jpg,gauss_noise,med,14.8501
190140,000000190140.jpg,gauss_noise,med,11.0674
190923,000000190923.jpg,gauss_noise,med,12.7951
191471,000000191471.jpg,gauss_noise,med,16.9532
191580,000000191580.jpg,gauss_noise,med,15.6486
192871,000000192871.jpg,gauss_noise,med,14.4821
194471,000000194471.jpg,gauss_noise,med,17.5161
196185,000000196185.jpg,gauss_noise,med,15.354
200839,000000200839.jpg,gauss_noise,med,14.8358
200961,000000200961.jpg,gauss_noise,med,14.646
202228,000000202228.jpg,gauss_noise,med,14.1674
205647,000000205647.jpg,gauss_noise,med,17.8327
206025,000000206025.jpg,gauss_noise,med,15.9629
206411,000000206411.jpg,gauss_noise,med,11.8929
206838,000000206838.jpg,gauss_noise,med,15.2604
207585,000000207585.jpg,gauss_noise,med,14.5387
209972,000000209972.jpg,gauss_noise,med,14.857
210030,000000210030.jpg,gauss_noise,med,15.6344
210388,000000210388.jpg,gauss_noise,med,17.0711
210789,000000210789.jpg,gauss_noise,med,16.0251
211674,000000211674.jpg,gauss_noise,med,17.0138
212895,000000212895.jpg,gauss_noise,med,14.9883
213035,000000213035.jpg,gauss_noise,med,12.1317
213593,000000213593.jpg,gauss_noise,med,6.3692
214192,000000214192.jpg,gauss_noise,med,14.0404
215259,000000215259.jpg,gauss_noise,med,16.8192
216296,000000216296.jpg,gauss_noise,med,12.9392
218997,000000218997.jpg,gauss_noise,med,14.0958
219440,000000219440.jpg,gauss_noise,med,14.5549
220310,000000220310.jpg,gauss_noise,med,12.8753
221291,000000221291.jpg,gauss_noise,med,17.0802
222825,000000222825.jpg,gauss_noise,med,13.5218
222863,000000222863.jpg,gauss_noise,med,12.5579
223738,000000223738.jpg,gauss_noise,med,14.6351
223747,000000223747.jpg,gauss_noise,med,10.8164
224093,000000224093.jpg,gauss_noise,med,13.3718
227044,000000227044.jpg,gauss_noise,med,14.808
227187,000000227187.jpg,gauss_noise,med,14.9351
227511,000000227511.jpg,gauss_noise,med,15.07
227765,000000227765.jpg,gauss_noise,med,11.7706
228981,000000228981.jpg,gauss_noise,med,15.5495
229997,000000229997.jpg,gauss_noise,med,12.6968
230819,000000230819.jpg,gauss_noise,med,14.3961
231088,000000231088.jpg,gauss_noise,med,14.0075
231097,000000231097.jpg,gauss_noise,med,6.2436
233825,000000233825.jpg,gauss_noise,med,11.5453
235057,000000235057.jpg,gauss_noise,med,12.7282
235836,000000235836.jpg,gauss_noise,med,14.5458
239347,000000239347.jpg,gauss_noise,med,13.2281
240940,000000240940.jpg,gauss_noise,med,13.6054
242287,000000242287.jpg,gauss_noise,med,15.5708
243344,000000243344.jpg,gauss_noise,med,12.7104
244379,000000244379.jpg,gauss_noise,med,16.3534
244496,000000244496.jpg,gauss_noise,med,10.6179
246883,000000246883.jpg,gauss_noise,med,17.5105
249025,000000249025.jpg,gauss_noise,med,15.7567
249129,000000249129.jpg,gauss_noise,med,13.7616
251537,000000251537.jpg,gauss_noise,med,12.3422
251824,000000251824.jpg,gauss_noise,med,13.3706
253433,000000253433.jpg,gauss_noise,med,12.907
253452,000000253452.jpg,gauss_noise,med,12.8831
254016,000000254016.jpg,gauss_noise,med,12.6733
255401,000000255401.jpg,gauss_noise,med,16.1883
255747,000000255747.jpg,gauss_noise,med,13.4703
255824,000000255824.jpg,gauss_noise,med,16.7861
256518,000000256518.jpg,gauss_noise,med,13.5219
256916,000000256916.jpg,gauss_noise,med,11.7788
257169,000000257169.jpg,gauss_noise,med,17.1154
257478,000000257478.jpg,gauss_noise,med,14.2428
259382,000000259382.jpg,gauss_noise,med,12.953
259830,000000259830.jpg,gauss_noise,med,15.2093
260105,000000260105.jpg,gauss_noise,med,15.9544
261061,000000261061.jpg,gauss_noise,med,11.2577
262048,000000262048.jpg,gauss_noise,med,16.9525
263403,000000263403.jpg,gauss_noise,med,16.3059
265816,000000265816.jpg,gauss_noise,med,15.2127
266082,000000266082.jpg,gauss_noise,med,15.2101
267537,000000267537.jpg,gauss_noise,med,11.9713
267670,000000267670.jpg,gauss_noise,med,13.604
269113,000000269113.jpg,gauss_noise,med,14.4085
270244,000000270244.jpg,gauss_noise,med,10.0614
270297,000000270297.jpg,gauss_noise,med,13.892
270677,000000270677.jpg,gauss_noise,med,11.2479
273198,000000273198.jpg,gauss_noise,med,15.0699
273420,000000273420.jpg,gauss_noise,med,14.1049
273712,000000273712.jpg,gauss_noise,med,13.1652
273760,000000273760.jpg,gauss_noise,med,14.9708
275749,000000275749.jpg,gauss_noise,med,12.9726
276055,000000276055.jpg,gauss_noise,med,15.3197
277584,000000277584.jpg,gauss_noise,med,12.8086
278848,000000278848.jpg,gauss_noise,med,12.7848
279927,000000279927.jpg,gauss_noise,med,18.0147
280930,000000280930.jpg,gauss_noise,med,15.1752
282912,000000282912.jpg,gauss_noise,med,11.9934
283037,000000283037.jpg,gauss_noise,med,9.6531
286422,000000286422.jpg,gauss_noise,med,17.312
286660,000000286660.jpg,gauss_noise,med,12.5931
287527,000000287527.jpg,gauss_noise,med,15.4165
289594,000000289594.jpg,gauss_noise,med,14.7278
289659,000000289659.jpg,gauss_noise,med,16.3519
295797,000000295797.jpg,gauss_noise,med,10.6411
295809,000000295809.jpg,gauss_noise,med,13.7957
297427,000000297427.jpg,gauss_noise,med,14.5152
306136,000000306136.jpg,gauss_noise,med,9.7069
306893,000000306893.jpg,gauss_noise,med,13.5228
307658,000000307658.jpg,gauss_noise,med,11.2038
308193,000000308193.jpg,gauss_noise,med,14.9763
308476,000000308476.jpg,gauss_noise,med,15.2161
309484,000000309484.jpg,gauss_noise,med,11.9029
314709,000000314709.jpg,gauss_noise,med,17.3731
314914,000000314914.jpg,gauss_noise,med,15.9743
316666,000000316666.jpg,gauss_noise,med,9.688
319534,000000319534.jpg,gauss_noise,med,13.3536
320490,000000320490.jpg,gauss_noise,med,11.4755
320743,000000320743.jpg,gauss_noise,med,13.6151
322724,000000322724.jpg,gauss_noise,med,17.5248
323828,000000323828.jpg,gauss_noise,med,12.6275
323895,000000323895.jpg,gauss_noise,med,15.9561
326462,000000326462.jpg,gauss_noise,med,14.3186
327601,000000327601.jpg,gauss_noise,med,11.4461
328430,000000328430.jpg,gauss_noise,med,15.7426
329827,000000329827.jpg,gauss_noise,med,18.5602
330790,000000330790.jpg,gauss_noise,med,13.635
330818,000000330818.jpg,gauss_noise,med,14.7263
331317,000000331317.jpg,gauss_noise,med,12.7047
332845,000000332845.jpg,gauss_noise,med,12.1013
333237,000000333237.jpg,gauss_noise,med,15.369
335954,000000335954.jpg,gauss_noise,med,12.1963
336232,000000336232.jpg,gauss_noise,med,11.3327
338304,000000338304.jpg,gauss_noise,med,12.4132
338625,000000338625.jpg,gauss_noise,med,15.2924
339823,000000339823.jpg,gauss_noise,med,15.0716
339870,000000339870.jpg,gauss_noise,med,6.7512
341058,000000341058.jpg,gauss_noise,med,13.4854
342186,000000342186.jpg,gauss_noise,med,12.9499
343466,000000343466.jpg,gauss_noise,med,13.6638
346638,000000346638.jpg,gauss_noise,med,13.9975
347930,000000347930.jpg,gauss_noise,med,10.9505
348216,000000348216.jpg,gauss_noise,med,12.4022
348488,000000348488.jpg,gauss_noise,med,13.5939
348708,000000348708.jpg,gauss_noise,med,12.7611
349678,000000349678.jpg,gauss_noise,med,16.396
350122,000000350122.jpg,gauss_noise,med,14.7424
351530,000000351530.jpg,gauss_noise,med,14.3693
352618,000000352618.jpg,gauss_noise,med,15.1861
354829,000000354829.jpg,gauss_noise,med,13.8483
356125,000000356125.jpg,gauss_noise,med,15.6081
356428,000000356428.jpg,gauss_noise,med,14.8744
357060,000000357060.jpg,gauss_noise,med,12.681
357737,000000357737.jpg,gauss_noise,med,13.4974
358923,000000358923.jpg,gauss_noise,med,13.7281
361268,000000361268.jpg,gauss_noise,med,11.5636
361571,000000361571.jpg,gauss_noise,med,14.2678
362716,000000362716.jpg,gauss_noise,med,13.344
363784,000000363784.jpg,gauss_noise,med,12.0548
364166,000000364166.jpg,gauss_noise,med,13.2762
366141,000000366141.jpg,gauss_noise,med,15.659
366199,000000366199.jpg,gauss_noise,med,16.3702
368456,000000368456.jpg,gauss_noise,med,14.0087
370900,000000370900.jpg,gauss_noise,med,15.5111
372577,000000372577.jpg,gauss_noise,med,14.6788
372718,000000372718.jpg,gauss_noise,med,18.89
376206,000000376206.jpg,gauss_noise,med,15.4747
376284,000000376284.jpg,gauss_noise,med,13.1632
376478,000000376478.jpg,gauss_noise,med,13.9541
377113,000000377113.jpg,gauss_noise,med,12.7609
377239,000000377239.jpg,gauss_noise,med,16.4964
377882,000000377882.jpg,gauss_noise,med,13.8968
380913,000000380913.jpg,gauss_noise,med,13.0776
381587,000000381587.jpg,gauss_noise,med,14.6273
383621,000000383621.jpg,gauss_noise,med,15.2062
384666,000000384666.jpg,gauss_noise,med,17.7627
385719,000000385719.jpg,gauss_noise,med,14.8448
387148,000000387148.jpg,gauss_noise,med,14.1074
387383,000000387383.jpg,gauss_noise,med,14.986
388056,000000388056.jpg,gauss_noise,med,15.6477
388903,000000388903.jpg,gauss_noise,med,16.0697
393226,000000393226.jpg,gauss_noise,med,16.1307
395801,000000395801.jpg,gauss_noise,med,15.4218
396205,000000396205.jpg,gauss_noise,med,13.8391
396274,000000396274.jpg,gauss_noise,med,15.5746
397681,000000397681.jpg,gauss_noise,med,16.0875
399655,000000399655.jpg,gauss_noise,med,14.8976
400044,000000400044.jpg,gauss_noise,med,16.9266
400082,000000400082.jpg,gauss_noise,med,15.1754
402118,000000402118.jpg,gauss_noise,med,10.2377
402720,000000402720.jpg,gauss_noise,med,11.9494
404191,000000404191.jpg,gauss_noise,med,13.825
404484,000000404484.jpg,gauss_noise,med,14.1784
404805,000000404805.jpg,gauss_noise,med,13.23
407825,000000407825.jpg,gauss_noise,med,16.2811
407960,000000407960.jpg,gauss_noise,med,12.6075
408830,000000408830.jpg,gauss_noise,med,12.1717
409268,000000409268.jpg,gauss_noise,med,15.7586
410487,000000410487.jpg,gauss_noise,med,14.746
410712,000000410712.jpg,gauss_noise,med,10.5357
411754,000000411754.jpg,gauss_noise,med,14.7129
411774,000000411774.jpg,gauss_noise,med,9.6051
414340,000000414340.jpg,gauss_noise,med,14.9266
414676,000000414676.jpg,gauss_noise,med,16.6586
415238,000000415238.jpg,gauss_noise,med,9.7574
415990,000000415990.jpg,gauss_noise,med,14.4946
416837,000000416837.jpg,gauss_noise,med,15.995
418696,000000418696.jpg,gauss_noise,med,12.6656
420069,000000420069.jpg,gauss_noise,med,16.0302
420281,000000420281.jpg,gauss_noise,med,14.0035
421455,000000421455.jpg,gauss_noise,med,15.7171
424521,000000424521.jpg,gauss_noise,med,13.9745
424975,000000424975.jpg,gauss_noise,med,14.6236
426241,000000426241.jpg,gauss_noise,med,13.8016
426268,000000426268.jpg,gauss_noise,med,14.3062
426372,000000426372.jpg,gauss_noise,med,14.3041
427500,000000427500.jpg,gauss_noise,med,15.7489
429718,000000429718.jpg,gauss_noise,med,15.686
431727,000000431727.jpg,gauss_noise,med,16.1559
431848,000000431848.jpg,gauss_noise,med,14.8243
435003,000000435003.jpg,gauss_noise,med,13.6045
435205,000000435205.jpg,gauss_noise,med,14.2053
435206,000000435206.jpg,gauss_noise,med,22.5278
436315,000000436315.jpg,gauss_noise,med,12.2202
436617,000000436617.jpg,gauss_noise,med,10.1338
437205,000000437205.jpg,gauss_noise,med,13.94
437331,000000437331.jpg,gauss_noise,med,14.2425
439426,000000439426.jpg,gauss_noise,med,13.6208
440336,000000440336.jpg,gauss_noise,med,9.8574
440475,000000440475.jpg,gauss_noise,med,10.9728
441442,000000441442.jpg,gauss_noise,med,11.57
441491,000000441491.jpg,gauss_noise,med,13.7312
442456,000000442456.jpg,gauss_noise,med,14.2554
443844,000000443844.jpg,gauss_noise,med,14.2408
445602,000000445602.jpg,gauss_noise,med,17.8148
445675,000000445675.jpg,gauss_noise,med,14.7605
445846,000000445846.jpg,gauss_noise,med,15.1101
446207,000000446207.jpg,gauss_noise,med,12.0349
447313,000000447313.jpg,gauss_noise,med,14.0809
449198,000000449198.jpg,gauss_noise,med,11.0627
449996,000000449996.jpg,gauss_noise,med,16.1806
451435,000000451435.jpg,gauss_noise,med,12.238
453001,000000453001.jpg,gauss_noise,med,13.7153
453708,000000453708.jpg,gauss_noise,med,12.6818
453981,000000453981.jpg,gauss_noise,med,13.4018
454798,000000454798.jpg,gauss_noise,med,14.9499
459195,000000459195.jpg,gauss_noise,med,14.9497
459396,000000459396.jpg,gauss_noise,med,13.2485
459887,000000459887.jpg,gauss_noise,med,13.9663
462576,000000462576.jpg,gauss_noise,med,11.6837
463542,000000463542.jpg,gauss_noise,med,16.1397
464476,000000464476.jpg,gauss_noise,med,14.1227
464689,000000464689.jpg,gauss_noise,med,15.4002
467315,000000467315.jpg,gauss_noise,med,13.9836
470121,000000470121.jpg,gauss_noise,med,14.1351
473118,000000473118.jpg,gauss_noise,med,12.8733
475387,000000475387.jpg,gauss_noise,med,16.1026
475904,000000475904.jpg,gauss_noise,med,11.5367
476704,000000476704.jpg,gauss_noise,med,14.5041
477623,000000477623.jpg,gauss_noise,med,15.1739
478286,000000478286.jpg,gauss_noise,med,13.5707
478721,000000478721.jpg,gauss_noise,med,14.8922
479248,000000479248.jpg,gauss_noise,med,12.388
480936,000000480936.jpg,gauss_noise,med,12.9571
484760,000000484760.jpg,gauss_noise,med,16.2886
488075,000000488075.jpg,gauss_noise,med,15.0123
491613,000000491613.jpg,gauss_noise,med,16.0979
491683,000000491683.jpg,gauss_noise,med,13.049
492077,000000492077.jpg,gauss_noise,med,14.8317
492878,000000492878.jpg,gauss_noise,med,13.656
492968,000000492968.jpg,gauss_noise,med,21.9141
496409,000000496409.jpg,gauss_noise,med,14.7075
496571,000000496571.jpg,gauss_noise,med,15.4451
499031,000000499031.jpg,gauss_noise,med,15.0893
499768,000000499768.jpg,gauss_noise,med,14.623
500049,000000500049.jpg,gauss_noise,med,13.6844
502168,000000502168.jpg,gauss_noise,med,16.6965
502347,000000502347.jpg,gauss_noise,med,12.8023
504074,000000504074.jpg,gauss_noise,med,13.4927
504415,000000504415.jpg,gauss_noise,med,14.5189
507473,000000507473.jpg,gauss_noise,med,14.4456
508602,000000508602.jpg,gauss_noise,med,13.8592
512836,000000512836.jpg,gauss_noise,med,13.629
512929,000000512929.jpg,gauss_noise,med,11.8531
514586,000000514586.jpg,gauss_noise,med,15.166
515982,000000515982.jpg,gauss_noise,med,14.1239
516318,000000516318.jpg,gauss_noise,med,16.3826
516601,000000516601.jpg,gauss_noise,med,14.8156
516916,000000516916.jpg,gauss_noise,med,13.1443
519039,000000519039.jpg,gauss_noise,med,14.085
522940,000000522940.jpg,gauss_noise,med,13.6706
523033,000000523033.jpg,gauss_noise,med,18.6015
524456,000000524456.jpg,gauss_noise,med,15.5247
526706,000000526706.jpg,gauss_noise,med,14.5798
527427,000000527427.jpg,gauss_noise,med,14.6535
527528,000000527528.jpg,gauss_noise,med,15.261
528578,000000528578.jpg,gauss_noise,med,16.5909
529122,000000529122.jpg,gauss_noise,med,16.5016
532058,000000532058.jpg,gauss_noise,med,16.6633
533855,000000533855.jpg,gauss_noise,med,12.4469
534601,000000534601.jpg,gauss_noise,med,15.9797
537270,000000537270.jpg,gauss_noise,med,12.7903
538067,000000538067.jpg,gauss_noise,med,17.028
544605,000000544605.jpg,gauss_noise,med,11.5562
545100,000000545100.jpg,gauss_noise,med,13.0958
545407,000000545407.jpg,gauss_noise,med,16.8628
546325,000000546325.jpg,gauss_noise,med,11.813
546659,000000546659.jpg,gauss_noise,med,15.965
546976,000000546976.jpg,gauss_noise,med,11.4991
547502,000000547502.jpg,gauss_noise,med,13.8959
549055,000000549055.jpg,gauss_noise,med,15.2428
550349,000000550349.jpg,gauss_noise,med,15.4235
551820,000000551820.jpg,gauss_noise,med,13.1657
552883,000000552883.jpg,gauss_noise,med,14.2843
552902,000000552902.jpg,gauss_noise,med,12.6163
556000,000000556000.jpg,gauss_noise,med,12.9317
559707,000000559707.jpg,gauss_noise,med,15.9351
560266,000000560266.jpg,gauss_noise,med,10.9008
560474,000000560474.jpg,gauss_noise,med,11.6881
560880,000000560880.jpg,gauss_noise,med,15.4273
564023,000000564023.jpg,gauss_noise,med,13.6648
565012,000000565012.jpg,gauss_noise,med,12.0885
565624,000000565624.jpg,gauss_noise,med,12.7268
566436,000000566436.jpg,gauss_noise,med,11.1662
567886,000000567886.jpg,gauss_noise,med,14.1391
569917,000000569917.jpg,gauss_noise,med,13.5847
570688,000000570688.jpg,gauss_noise,med,17.1131
571008,000000571008.jpg,gauss_noise,med,16.5264
572388,000000572388.jpg,gauss_noise,med,14.8094
577584,000000577584.jpg,gauss_noise,med,14.8266
578871,000000578871.jpg,gauss_noise,med,12.5369
578967,000000578967.jpg,gauss_noise,med,16.8225
579158,000000579158.jpg,gauss_noise,med,13.2782
580294,000000580294.jpg,gauss_noise,med,15.5599
724,000000000724.jpg,gauss_noise,high,9.1324
1425,000000001425.jpg,gauss_noise,high,12.9125
1532,000000001532.jpg,gauss_noise,high,10.3262
3255,000000003255.jpg,gauss_noise,high,11.9773
3501,000000003501.jpg,gauss_noise,high,12.2121
3661,000000003661.jpg,gauss_noise,high,10.6451
6954,000000006954.jpg,gauss_noise,high,12.4947
7795,000000007795.jpg,gauss_noise,high,10.4319
9914,000000009914.jpg,gauss_noise,high,8.7161
10092,000000010092.jpg,gauss_noise,high,9.4582
10977,000000010977.jpg,gauss_noise,high,13.3516
11122,000000011122.jpg,gauss_noise,high,11.3334
12280,000000012280.jpg,gauss_noise,high,10.6269
15079,000000015079.jpg,gauss_noise,high,6.5619
17031,000000017031.jpg,gauss_noise,high,9.7808
17178,000000017178.jpg,gauss_noise,high,8.611
17905,000000017905.jpg,gauss_noise,high,9.5518
20247,000000020247.jpg,gauss_noise,high,11.8173
21604,000000021604.jpg,gauss_noise,high,3.8217
22396,000000022396.jpg,gauss_noise,high,10.6064
22623,000000022623.jpg,gauss_noise,high,8.5933
23126,000000023126.jpg,gauss_noise,high,10.4082
23781,000000023781.jpg,gauss_noise,high,10.3041
24610,000000024610.jpg,gauss_noise,high,9.158
25386,000000025386.jpg,gauss_noise,high,10.1622
25560,000000025560.jpg,gauss_noise,high,7.0195
28449,000000028449.jpg,gauss_noise,high,9.9174
29984,000000029984.jpg,gauss_noise,high,9.9226
30494,000000030494.jpg,gauss_noise,high,8.6631
31217,000000031217.jpg,gauss_noise,high,6.5582
31248,000000031248.jpg,gauss_noise,high,9.9872
31620,000000031620.jpg,gauss_noise,high,9.6851
32081,000000032081.jpg,gauss_noise,high,9.4537
32570,000000032570.jpg,gauss_noise,high,10.3259
32817,000000032817.jpg,gauss_noise,high,10.0165
32901,000000032901.jpg,gauss_noise,high,9.7698
33109,000000033109.jpg,gauss_noise,high,11.0026
37670,000000037670.jpg,gauss_noise,high,9.7317
38678,000000038678.jpg,gauss_noise,high,11.1282
39405,000000039405.jpg,gauss_noise,high,2.3644
42178,000000042178.jpg,gauss_noise,high,8.2322
42296,000000042296.jpg,gauss_noise,high,10.5823
43314,000000043314.jpg,gauss_noise,high,10.5074
44652,000000044652.jpg,gauss_noise,high,7.986
51598,000000051598.jpg,gauss_noise,high,11.6077
51976,000000051976.jpg,gauss_noise,high,7.7145
52017,000000052017.jpg,gauss_noise,high,12.8153
52413,000000052413.jpg,gauss_noise,high,8.7069
53505,000000053505.jpg,gauss_noise,high,9.195
53909,000000053909.jpg,gauss_noise,high,10.5392
54592,000000054592.jpg,gauss_noise,high,8.8531
60507,000000060507.jpg,gauss_noise,high,11.2076
60899,000000060899.jpg,gauss_noise,high,8.3742
63047,000000063047.jpg,gauss_noise,high,9.0044
64084,000000064084.jpg,gauss_noise,high,9.2796
66231,000000066231.jpg,gauss_noise,high,8.0672
66886,000000066886.jpg,gauss_noise,high,9.1221
67406,000000067406.jpg,gauss_noise,high,13.2564
67616,000000067616.jpg,gauss_noise,high,9.3335
69138,000000069138.jpg,gauss_noise,high,6.8117
74092,000000074092.jpg,gauss_noise,high,5.3307
74200,000000074200.jpg,gauss_noise,high,9.1848
76547,000000076547.jpg,gauss_noise,high,9.876
76625,000000076625.jpg,gauss_noise,high,8.3043
79014,000000079014.jpg,gauss_noise,high,10.1003
79144,000000079144.jpg,gauss_noise,high,8.5091
80659,000000080659.jpg,gauss_noise,high,10.259
81594,000000081594.jpg,gauss_noise,high,11.4771
84031,000000084031.jpg,gauss_noise,high,8.3609
84431,000000084431.jpg,gauss_noise,high,9.8895
85665,000000085665.jpg,gauss_noise,high,16.766
86956,000000086956.jpg,gauss_noise,high,6.7711
87476,000000087476.jpg,gauss_noise,high,6.0002
89078,000000089078.jpg,gauss_noise,high,11.8249
90208,000000090208.jpg,gauss_noise,high,11.0882
90631,000000090631.jpg,gauss_noise,high,10.742
91615,000000091615.jpg,gauss_noise,high,10.8383
91654,000000091654.jpg,gauss_noise,high,11.2664
92053,000000092053.jpg,gauss_noise,high,5.1229
94871,000000094871.jpg,gauss_noise,high,9.4578
95899,000000095899.jpg,gauss_noise,high,11.6083
96001,000000096001.jpg,gauss_noise,high,12.3523
99054,000000099054.jpg,gauss_noise,high,10.2697
100274,000000100274.jpg,gauss_noise,high,10.1767
100510,000000100510.jpg,gauss_noise,high,8.4407
101068,000000101068.jpg,gauss_noise,high,10.5128
101762,000000101762.jpg,gauss_noise,high,9.9574
102707,000000102707.jpg,gauss_noise,high,10.8354
102820,000000102820.jpg,gauss_noise,high,10.0032
104619,000000104619.jpg,gauss_noise,high,12.4638
105335,000000105335.jpg,gauss_noise,high,11.0974
106389,000000106389.jpg,gauss_noise,high,11.3276
106912,000000106912.jpg,gauss_noise,high,12.3444
107226,000000107226.jpg,gauss_noise,high,9.8625
107554,000000107554.jpg,gauss_noise,high,10.3802
109916,000000109916.jpg,gauss_noise,high,10.3686
110359,000000110359.jpg,gauss_noise,high,12.2252
110999,000000110999.jpg,gauss_noise,high,2.5361
111207,000000111207.jpg,gauss_noise,high,8.7367
111951,000000111951.jpg,gauss_noise,high,10.9704
113354,000000113354.jpg,gauss_noise,high,8.575
113720,000000113720.jpg,gauss_noise,high,9.12
114049,000000114049.jpg,gauss_noise,high,8.5224
116362,000000116362.jpg,gauss_noise,high,11.6908
116589,000000116589.jpg,gauss_noise,high,9.6721
118594,000000118594.jpg,gauss_noise,high,9.7864
122166,000000122166.jpg,gauss_noise,high,12.2296
122962,000000122962.jpg,gauss_noise,high,9.294
124975,000000124975.jpg,gauss_noise,high,10.5021
125778,000000125778.jpg,gauss_noise,high,8.5049
125806,000000125806.jpg,gauss_noise,high,10.1549
127182,000000127182.jpg,gauss_noise,high,9.1456
127394,000000127394.jpg,gauss_noise,high,8.1832
127624,000000127624.jpg,gauss_noise,high,10.0461
130826,000000130826.jpg,gauss_noise,high,10.2328
131386,000000131386.jpg,gauss_noise,high,15.019
131556,000000131556.jpg,gauss_noise,high,15.0353
133969,000000133969.jpg,gauss_noise,high,9.7244
134886,000000134886.jpg,gauss_noise,high,10.7113
136915,000000136915.jpg,gauss_noise,high,10.0723
140439,000000140439.jpg,gauss_noise,high,13.0816
140640,000000140640.jpg,gauss_noise,high,7.7333
142092,000000142092.jpg,gauss_noise,high,9.5738
142790,000000142790.jpg,gauss_noise,high,13.3569
147729,000000147729.jpg,gauss_noise,high,3.0782
148730,000000148730.jpg,gauss_noise,high,12.4946
149770,000000149770.jpg,gauss_noise,high,14.2264
151000,000000151000.jpg,gauss_noise,high,10.6711
151480,000000151480.jpg,gauss_noise,high,8.1365
151820,000000151820.jpg,gauss_noise,high,11.426
151938,000000151938.jpg,gauss_noise,high,7.9893
155051,000000155051.jpg,gauss_noise,high,-0.9698
155443,000000155443.jpg,gauss_noise,high,8.4008
157418,000000157418.jpg,gauss_noise,high,8.8248
157767,000000157767.jpg,gauss_noise,high,9.8163
158227,000000158227.jpg,gauss_noise,high,8.4561
159311,000000159311.jpg,gauss_noise,high,8.4088
160556,000000160556.jpg,gauss_noise,high,6.6601
161861,000000161861.jpg,gauss_noise,high,10.296
161879,000000161879.jpg,gauss_noise,high,8.3292
162543,000000162543.jpg,gauss_noise,high,10.4379
162732,000000162732.jpg,gauss_noise,high,10.6129
163117,000000163117.jpg,gauss_noise,high,12.3286
163290,000000163290.jpg,gauss_noise,high,11.1007
163314,000000163314.jpg,gauss_noise,high,7.9287
163640,000000163640.jpg,gauss_noise,high,8.9446
164115,000000164115.jpg,gauss_noise,high,8.805
166287,000000166287.jpg,gauss_noise,high,8.1601
166391,000000166391.jpg,gauss_noise,high,8.5312
166509,000000166509.jpg,gauss_noise,high,6.9147
170116,000000170116.jpg,gauss_noise,high,7.5103
172648,000000172648.jpg,gauss_noise,high,9.3704
172877,000000172877.jpg,gauss_noise,high,9.053
173057,000000173057.jpg,gauss_noise,high,11.5147
173830,000000173830.jpg,gauss_noise,high,14.4544
175443,000000175443.jpg,gauss_noise,high,6.3307
176232,000000176232.jpg,gauss_noise,high,16.0985
176901,000000176901.jpg,gauss_noise,high,10.5094
177935,000000177935.jpg,gauss_noise,high,9.0632
178028,000000178028.jpg,gauss_noise,high,8.3502
179392,000000179392.jpg,gauss_noise,high,10.4239
180878,000000180878.jpg,gauss_noise,high,7.5503
181796,000000181796.jpg,gauss_noise,high,9.0505
182611,000000182611.jpg,gauss_noise,high,9.1282
185157,000000185157.jpg,gauss_noise,high,12.4907
186637,000000186637.jpg,gauss_noise,high,8.4552
186873,000000186873.jpg,gauss_noise,high,8.0652
186980,000000186980.jpg,gauss_noise,high,9.6106
187734,000000187734.jpg,gauss_noise,high,10.2872
189698,000000189698.jpg,gauss_noise,high,8.3588
189806,000000189806.jpg,gauss_noise,high,10.2175
190140,000000190140.jpg,gauss_noise,high,6.0984
190923,000000190923.jpg,gauss_noise,high,8.8363
191471,000000191471.jpg,gauss_noise,high,12.5138
191580,000000191580.jpg,gauss_noise,high,11.8449
192871,000000192871.jpg,gauss_noise,high,10.0349
194471,000000194471.jpg,gauss_noise,high,12.6496
196185,000000196185.jpg,gauss_noise,high,12.3538
200839,000000200839.jpg,gauss_noise,high,9.8534
200961,000000200961.jpg,gauss_noise,high,10.0577
202228,000000202228.jpg,gauss_noise,high,10.5622
205647,000000205647.jpg,gauss_noise,high,12.9668
206025,000000206025.jpg,gauss_noise,high,11.7626
206411,000000206411.jpg,gauss_noise,high,9.0957
206838,000000206838.jpg,gauss_noise,high,10.3563
207585,000000207585.jpg,gauss_noise,high,10.4218
209972,000000209972.jpg,gauss_noise,high,12.0787
210030,000000210030.jpg,gauss_noise,high,10.8707
210388,000000210388.jpg,gauss_noise,high,14.9001
210789,000000210789.jpg,gauss_noise,high,10.1581
211674,000000211674.jpg,gauss_noise,high,12.4561
212895,000000212895.jpg,gauss_noise,high,10.8768
213035,000000213035.jpg,gauss_noise,high,7.4621
213593,000000213593.jpg,gauss_noise,high,3.7235
214192,000000214192.jpg,gauss_noise,high,8.7579
215259,000000215259.jpg,gauss_noise,high,11.993
216296,000000216296.jpg,gauss_noise,high,8.96
218997,000000218997.jpg,gauss_noise,high,8.7426
219440,000000219440.jpg,gauss_noise,high,10.253
220310,000000220310.jpg,gauss_noise,high,6.5661
221291,000000221291.jpg,gauss_noise,high,14.6944
222825,000000222825.jpg,gauss_noise,high,10.3845
222863,000000222863.jpg,gauss_noise,high,9.805
223738,000000223738.jpg,gauss_noise,high,10.7277
223747,000000223747.jpg,gauss_noise,high,7.7344
224093,000000224093.jpg,gauss_noise,high,8.7016
227044,000000227044.jpg,gauss_noise,high,10.8516
227187,000000227187.jpg,gauss_noise,high,9.5347
227511,000000227511.jpg,gauss_noise,high,10.801
227765,000000227765.jpg,gauss_noise,high,8.2023
228981,000000228981.jpg,gauss_noise,high,11.3063
229997,000000229997.jpg,gauss_noise,high,9.9225
230819,000000230819.jpg,gauss_noise,high,9.4608
231088,000000231088.jpg,gauss_noise,high,9.2037
231097,000000231097.jpg,gauss_noise,high,3.4526
233825,000000233825.jpg,gauss_noise,high,8.0791
235057,000000235057.jpg,gauss_noise,high,7.3711
235836,000000235836.jpg,gauss_noise,high,10.1084
239347,000000239347.jpg,gauss_noise,high,9.2439
240940,000000240940.jpg,gauss_noise,high,8.7466
242287,000000242287.jpg,gauss_noise,high,9.6893
243344,000000243344.jpg,gauss_noise,high,8.8733
244379,000000244379.jpg,gauss_noise,high,10.7799
244496,000000244496.jpg,gauss_noise,high,6.4724
246883,000000246883.jpg,gauss_noise,high,11.1676
249025,000000249025.jpg,gauss_noise,high,11.4236
249129,000000249129.jpg,gauss_noise,high,10.0607
251537,000000251537.jpg,gauss_noise,high,8.8791
251824,000000251824.jpg,gauss_noise,high,10.9281
253433,000000253433.jpg,gauss_noise,high,9.9375
253452,000000253452.jpg,gauss_noise,high,8.3264
254016,000000254016.jpg,gauss_noise,high,9.5933
255401,000000255401.jpg,gauss_noise,high,12.0912
255747,000000255747.jpg,gauss_noise,high,9.4288
255824,000000255824.jpg,gauss_noise,high,12.5481
256518,000000256518.jpg,gauss_noise,high,9.2866
256916,000000256916.jpg,gauss_noise,high,9.0306
257169,000000257169.jpg,gauss_noise,high,12.0949
257478,000000257478.jpg,gauss_noise,high,8.2929
259382,000000259382.jpg,gauss_noise,high,9.0956
259830,000000259830.jpg,gauss_noise,high,10.0179
260105,000000260105.jpg,gauss_noise,high,10.8296
261061,000000261061.jpg,gauss_noise,high,6.7738
262048,000000262048.jpg,gauss_noise,high,12.4415
263403,000000263403.jpg,gauss_noise,high,12.961
265816,000000265816.jpg,gauss_noise,high,11.4747
266082,000000266082.jpg,gauss_noise,high,9.9529
267537,000000267537.jpg,gauss_noise,high,9.248
267670,000000267670.jpg,gauss_noise,high,9.3858
269113,000000269113.jpg,gauss_noise,high,10.2664
270244,000000270244.jpg,gauss_noise,high,7.7232
270297,000000270297.jpg,gauss_noise,high,9.5635
270677,000000270677.jpg,gauss_noise,high,8.8269
273198,000000273198.jpg,gauss_noise,high,12.0859
273420,000000273420.jpg,gauss_noise,high,10.8221
273712,000000273712.jpg,gauss_noise,high,8.853
273760,000000273760.jpg,gauss_noise,high,10.4571
275749,000000275749.jpg,gauss_noise,high,9.1154
276055,000000276055.jpg,gauss_noise,high,11.1327
277584,000000277584.jpg,gauss_noise,high,8.6075
278848,000000278848.jpg,gauss_noise,high,9.6217
279927,000000279927.jpg,gauss_noise,high,13.0515
280930,000000280930.jpg,gauss_noise,high,8.9109
282912,000000282912.jpg,gauss_noise,high,8.7972
283037,000000283037.jpg,gauss_noise,high,6.209
286422,000000286422.jpg,gauss_noise,high,12.1057
286660,000000286660.jpg,gauss_noise,high,10.1774
287527,000000287527.jpg,gauss_noise,high,11.6625
289594,000000289594.jpg,gauss_noise,high,11.9666
289659,000000289659.jpg,gauss_noise,high,10.2613
295797,000000295797.jpg,gauss_noise,high,7.546
295809,000000295809.jpg,gauss_noise,high,9.092
297427,000000297427.jpg,gauss_noise,high,9.7549
306136,000000306136.jpg,gauss_noise,high,5.0308
306893,000000306893.jpg,gauss_noise,high,10.4534
307658,000000307658.jpg,gauss_noise,high,7.8797
308193,000000308193.jpg,gauss_noise,high,11.969
308476,000000308476.jpg,gauss_noise,high,10.8145
309484,000000309484.jpg,gauss_noise,high,8.8942
314709,000000314709.jpg,gauss_noise,high,15.2686
314914,000000314914.jpg,gauss_noise,high,9.8543
316666,000000316666.jpg,gauss_noise,high,5.647
319534,000000319534.jpg,gauss_noise,high,9.2317
320490,000000320490.jpg,gauss_noise,high,7.9103
320743,000000320743.jpg,gauss_noise,high,10.2866
322724,000000322724.jpg,gauss_noise,high,12.9168
323828,000000323828.jpg,gauss_noise,high,7.7127
323895,000000323895.jpg,gauss_noise,high,9.6036
326462,000000326462.jpg,gauss_noise,high,10.033
327601,000000327601.jpg,gauss_noise,high,7.8306
328430,000000328430.jpg,gauss_noise,high,10.4015
329827,000000329827.jpg,gauss_noise,high,13.4189
330790,000000330790.jpg,gauss_noise,high,9.7963
330818,000000330818.jpg,gauss_noise,high,10.1444
331317,000000331317.jpg,gauss_noise,high,9.2333
332845,000000332845.jpg,gauss_noise,high,8.6744
333237,000000333237.jpg,gauss_noise,high,11.9892
335954,000000335954.jpg,gauss_noise,high,8.5505
336232,000000336232.jpg,gauss_noise,high,8.1139
338304,000000338304.jpg,gauss_noise,high,7.0938
338625,000000338625.jpg,gauss_noise,high,11.8277
339823,000000339823.jpg,gauss_noise,high,9.752
339870,000000339870.jpg,gauss_noise,high,3.4787
341058,000000341058.jpg,gauss_noise,high,9.6452
342186,000000342186.jpg,gauss_noise,high,7.6071
343466,000000343466.jpg,gauss_noise,high,8.8783
346638,000000346638.jpg,gauss_noise,high,9.8525
347930,000000347930.jpg,gauss_noise,high,7.4447
348216,000000348216.jpg,gauss_noise,high,9.4053
348488,000000348488.jpg,gauss_noise,high,8.8178
348708,000000348708.jpg,gauss_noise,high,9.1371
349678,000000349678.jpg,gauss_noise,high,11.6444
350122,000000350122.jpg,gauss_noise,high,11.0884
351530,000000351530.jpg,gauss_noise,high,10.5361
352618,000000352618.jpg,gauss_noise,high,11.7676
354829,000000354829.jpg,gauss_noise,high,9.2357
356125,000000356125.jpg,gauss_noise,high,11.3423
356428,000000356428.jpg,gauss_noise,high,9.6566
357060,000000357060.jpg,gauss_noise,high,8.8816
357737,000000357737.jpg,gauss_noise,high,10.2581
358923,000000358923.jpg,gauss_noise,high,10.1593
361268,000000361268.jpg,gauss_noise,high,9.3398
361571,000000361571.jpg,gauss_noise,high,10.1284
362716,000000362716.jpg,gauss_noise,high,10.7917
363784,000000363784.jpg,gauss_noise,high,8.6468
364166,000000364166.jpg,gauss_noise,high,8.8683
366141,000000366141.jpg,gauss_noise,high,10.5716
366199,000000366199.jpg,gauss_noise,high,11.1631
368456,000000368456.jpg,gauss_noise,high,10.9921
370900,000000370900.jpg,gauss_noise,high,11.1902
372577,000000372577.jpg,gauss_noise,high,10.239
372718,000000372718.jpg,gauss_noise,high,17.2223
376206,000000376206.jpg,gauss_noise,high,11.4746
376284,000000376284.jpg,gauss_noise,high,9.6872
376478,000000376478.jpg,gauss_noise,high,9.7408
377113,000000377113.jpg,gauss_noise,high,10.7455
377239,000000377239.jpg,gauss_noise,high,11.4245
377882,000000377882.jpg,gauss_noise,high,11.3204
380913,000000380913.jpg,gauss_noise,high,9.6448
381587,000000381587.jpg,gauss_noise,high,12.6756
383621,000000383621.jpg,gauss_noise,high,11.3266
384666,000000384666.jpg,gauss_noise,high,13.9362
385719,000000385719.jpg,gauss_noise,high,9.9976
387148,000000387148.jpg,gauss_noise,high,9.0321
387383,000000387383.jpg,gauss_noise,high,9.8697
388056,000000388056.jpg,gauss_noise,high,9.7273
388903,000000388903.jpg,gauss_noise,high,10.5244
393226,000000393226.jpg,gauss_noise,high,10.8358
395801,000000395801.jpg,gauss_noise,high,11.7152
396205,000000396205.jpg,gauss_noise,high,8.659
396274,000000396274.jpg,gauss_noise,high,9.9973
397681,000000397681.jpg,gauss_noise,high,12.8947
399655,000000399655.jpg,gauss_noise,high,11.3625
400044,000000400044.jpg,gauss_noise,high,14.8399
400082,000000400082.jpg,gauss_noise,high,10.4183
402118,000000402118.jpg,gauss_noise,high,5.677
402720,000000402720.jpg,gauss_noise,high,7.126
404191,000000404191.jpg,gauss_noise,high,10.2683
404484,000000404484.jpg,gauss_noise,high,9.4877
404805,000000404805.jpg,gauss_noise,high,10.2856
407825,000000407825.jpg,gauss_noise,high,12.0526
407960,000000407960.jpg,gauss_noise,high,9.0906
408830,000000408830.jpg,gauss_noise,high,9.6629
409268,000000409268.jpg,gauss_noise,high,9.8181
410487,000000410487.jpg,gauss_noise,high,11.819
410712,000000410712.jpg,gauss_noise,high,6.4559
411754,000000411754.jpg,gauss_noise,high,10.2481
411774,000000411774.jpg,gauss_noise,high,6.1703
414340,000000414340.jpg,gauss_noise,high,12.165
414676,000000414676.jpg,gauss_noise,high,12.1372
415238,000000415238.jpg,gauss_noise,high,6.8046
415990,000000415990.jpg,gauss_noise,high,11.6749
416837,000000416837.jpg,gauss_noise,high,13.4991
418696,000000418696.jpg,gauss_noise,high,9.1083
420069,000000420069.jpg,gauss_noise,high,10.4407
420281,000000420281.jpg,gauss_noise,high,9.4237
421455,000000421455.jpg,gauss_noise,high,10.227
424521,000000424521.jpg,gauss_noise,high,10.2415
424975,000000424975.jpg,gauss_noise,high,12.2848
426241,000000426241.jpg,gauss_noise,high,9.6276
426268,000000426268.jpg,gauss_noise,high,11.4941
426372,000000426372.jpg,gauss_noise,high,11.02
427500,000000427500.jpg,gauss_noise,high,9.7266
429718,000000429718.jpg,gauss_noise,high,11.5812
431727,000000431727.jpg,gauss_noise,high,11.985
431848,000000431848.jpg,gauss_noise,high,10.6201
435003,000000435003.jpg,gauss_noise,high,8.2256
435205,000000435205.jpg,gauss_noise,high,10.9392
435206,000000435206.jpg,gauss_noise,high,16.1594
436315,000000436315.jpg,gauss_noise,high,9.8383
436617,000000436617.jpg,gauss_noise,high,7.6865
437205,000000437205.jpg,gauss_noise,high,9.8893
437331,000000437331.jpg,gauss_noise,high,11.5364
439426,000000439426.jpg,gauss_noise,high,9.4697
440336,000000440336.jpg,gauss_noise,high,7.6973
440475,000000440475.jpg,gauss_noise,high,7.438
441442,000000441442.jpg,gauss_noise,high,7.8115
441491,000000441491.jpg,gauss_noise,high,11.2175
442456,000000442456.jpg,gauss_noise,high,10.4752
443844,000000443844.jpg,gauss_noise,high,10.867
445602,000000445602.jpg,gauss_noise,high,13.5525
445675,000000445675.jpg,gauss_noise,high,9.5188
445846,000000445846.jpg,gauss_noise,high,11.2093
446207,000000446207.jpg,gauss_noise,high,7.2223
447313,000000447313.jpg,gauss_noise,high,9.8122
449198,000000449198.jpg,gauss_noise,high,7.2583
449996,000000449996.jpg,gauss_noise,high,12.2167
451435,000000451435.jpg,gauss_noise,high,7.5656
453001,000000453001.jpg,gauss_noise,high,8.4692
453708,000000453708.jpg,gauss_noise,high,7.9382
453981,000000453981.jpg,gauss_noise,high,9.1193
454798,000000454798.jpg,gauss_noise,high,10.4396
459195,000000459195.jpg,gauss_noise,high,9.8625
459396,000000459396.jpg,gauss_noise,high,11.013
459887,000000459887.jpg,gauss_noise,high,10.507
462576,000000462576.jpg,gauss_noise,high,8.0684
463542,000000463542.jpg,gauss_noise,high,13.4581
464476,000000464476.jpg,gauss_noise,high,8.8094
464689,000000464689.jpg,gauss_noise,high,11.4835
467315,000000467315.jpg,gauss_noise,high,8.8166
470121,000000470121.jpg,gauss_noise,high,9.0859
473118,000000473118.jpg,gauss_noise,high,8.8259
475387,000000475387.jpg,gauss_noise,high,11.1706
475904,000000475904.jpg,gauss_noise,high,7.2884
476704,000000476704.jpg,gauss_noise,high,11.7082
477623,000000477623.jpg,gauss_noise,high,12.5731
478286,000000478286.jpg,gauss_noise,high,9.819
478721,000000478721.jpg,gauss_noise,high,10.7141
479248,000000479248.jpg,gauss_noise,high,6.7685
480936,000000480936.jpg,gauss_noise,high,9.0106
484760,000000484760.jpg,gauss_noise,high,11.5983
488075,000000488075.jpg,gauss_noise,high,10.0091
491613,000000491613.jpg,gauss_noise,high,11.5576
491683,000000491683.jpg,gauss_noise,high,10.4087
492077,000000492077.jpg,gauss_noise,high,10.4487
492878,000000492878.jpg,gauss_noise,high,9.5269
492968,000000492968.jpg,gauss_noise,high,17.8802
496409,000000496409.jpg,gauss_noise,high,10.9925
496571,000000496571.jpg,gauss_noise,high,11.0585
499031,000000499031.jpg,gauss_noise,high,11.1964
499768,000000499768.jpg,gauss_noise,high,10.9375
500049,000000500049.jpg,gauss_noise,high,10.649
502168,000000502168.jpg,gauss_noise,high,11.4024
502347,000000502347.jpg,gauss_noise,high,10.7039
504074,000000504074.jpg,gauss_noise,high,11.3423
504415,000000504415.jpg,gauss_noise,high,11.1273
507473,000000507473.jpg,gauss_noise,high,9.9915
508602,000000508602.jpg,gauss_noise,high,10.4779
512836,000000512836.jpg,gauss_noise,high,9.6058
512929,000000512929.jpg,gauss_noise,high,9.4449
514586,000000514586.jpg,gauss_noise,high,10.1893
515982,000000515982.jpg,gauss_noise,high,10.16
516318,000000516318.jpg,gauss_noise,high,13.3315
516601,000000516601.jpg,gauss_noise,high,10.9944
516916,000000516916.jpg,gauss_noise,high,9.9896
519039,000000519039.jpg,gauss_noise,high,10.551
522940,000000522940.jpg,gauss_noise,high,10.5262
523033,000000523033.jpg,gauss_noise,high,13.3589
524456,000000524456.jpg,gauss_noise,high,11.1316
526706,000000526706.jpg,gauss_noise,high,10.4462
527427,000000527427.jpg,gauss_noise,high,9.1598
527528,000000527528.jpg,gauss_noise,high,13.0232
528578,000000528578.jpg,gauss_noise,high,11.9638
529122,000000529122.jpg,gauss_noise,high,12.3726
532058,000000532058.jpg,gauss_noise,high,11.8209
533855,000000533855.jpg,gauss_noise,high,9.21
534601,000000534601.jpg,gauss_noise,high,10.7843
537270,000000537270.jpg,gauss_noise,high,10.9934
538067,000000538067.jpg,gauss_noise,high,11.7022
544605,000000544605.jpg,gauss_noise,high,8.9757
545100,000000545100.jpg,gauss_noise,high,10.6042
545407,000000545407.jpg,gauss_noise,high,12.974
546325,000000546325.jpg,gauss_noise,high,8.7946
546659,000000546659.jpg,gauss_noise,high,12.5649
546976,000000546976.jpg,gauss_noise,high,7.4825
547502,000000547502.jpg,gauss_noise,high,10.014
549055,000000549055.jpg,gauss_noise,high,12.5351
550349,000000550349.jpg,gauss_noise,high,10.5828
551820,000000551820.jpg,gauss_noise,high,9.6162
552883,000000552883.jpg,gauss_noise,high,11.3799
552902,000000552902.jpg,gauss_noise,high,7.0898
556000,000000556000.jpg,gauss_noise,high,8.4185
559707,000000559707.jpg,gauss_noise,high,14.0057
560266,000000560266.jpg,gauss_noise,high,6.999
560474,000000560474.jpg,gauss_noise,high,8.7401
560880,000000560880.jpg,gauss_noise,high,9.3575
564023,000000564023.jpg,gauss_noise,high,8.8267
565012,000000565012.jpg,gauss_noise,high,6.9168
565624,000000565624.jpg,gauss_noise,high,9.719
566436,000000566436.jpg,gauss_noise,high,5.7067
567886,000000567886.jpg,gauss_noise,high,8.6976
569917,000000569917.jpg,gauss_noise,high,9.6296
570688,000000570688.jpg,gauss_noise,high,13.9441
571008,000000571008.jpg,gauss_noise,high,12.2413
572388,000000572388.jpg,gauss_noise,high,11.0296
577584,000000577584.jpg,gauss_noise,high,9.5851
578871,000000578871.jpg,gauss_noise,high,8.8947
578967,000000578967.jpg,gauss_noise,high,12.1486
579158,000000579158.jpg,gauss_noise,high,9.847
580294,000000580294.jpg,gauss_noise,high,12.6672
724,000000000724.jpg,salt_pepper,low,18.4741
1425,000000001425.jpg,salt_pepper,low,20.6134
1532,000000001532.jpg,salt_pepper,low,20.3876
3255,000000003255.jpg,salt_pepper,low,21.4184
3501,000000003501.jpg,salt_pepper,low,19.9622
3661,000000003661.jpg,salt_pepper,low,19.9175
6954,000000006954.jpg,salt_pepper,low,20.7129
7795,000000007795.jpg,salt_pepper,low,19.7213
9914,000000009914.jpg,salt_pepper,low,17.6885
10092,000000010092.jpg,salt_pepper,low,18.8077
10977,000000010977.jpg,salt_pepper,low,21.5598
11122,000000011122.jpg,salt_pepper,low,19.2804
12280,000000012280.jpg,salt_pepper,low,20.5492
15079,000000015079.jpg,salt_pepper,low,13.3201
17031,000000017031.jpg,salt_pepper,low,18.7946
17178,000000017178.jpg,salt_pepper,low,17.9037
17905,000000017905.jpg,salt_pepper,low,18.4554
20247,000000020247.jpg,salt_pepper,low,21.2026
21604,000000021604.jpg,salt_pepper,low,11.5346
22396,000000022396.jpg,salt_pepper,low,21.144
22623,000000022623.jpg,salt_pepper,low,17.2206
23126,000000023126.jpg,salt_pepper,low,19.4128
23781,000000023781.jpg,salt_pepper,low,18.3307
24610,000000024610.jpg,salt_pepper,low,17.6446
25386,000000025386.jpg,salt_pepper,low,18.2894
25560,000000025560.jpg,salt_pepper,low,16.0998
28449,000000028449.jpg,salt_pepper,low,18.3944
29984,000000029984.jpg,salt_pepper,low,20.2233
30494,000000030494.jpg,salt_pepper,low,18.0802
31217,000000031217.jpg,salt_pepper,low,15.8988
31248,000000031248.jpg,salt_pepper,low,18.7937
31620,000000031620.jpg,salt_pepper,low,19.9332
32081,000000032081.jpg,salt_pepper,low,19.5456
32570,000000032570.jpg,salt_pepper,low,19.8971
32817,000000032817.jpg,salt_pepper,low,18.8675
32901,000000032901.jpg,salt_pepper,low,19.4886
33109,000000033109.jpg,salt_pepper,low,18.6192
37670,000000037670.jpg,salt_pepper,low,19.7661
38678,000000038678.jpg,salt_pepper,low,19.862
39405,000000039405.jpg,salt_pepper,low,9.4487
42178,000000042178.jpg,salt_pepper,low,17.345
42296,000000042296.jpg,salt_pepper,low,19.6428
43314,000000043314.jpg,salt_pepper,low,19.2853
44652,000000044652.jpg,salt_pepper,low,19.1446
51598,000000051598.jpg,salt_pepper,low,19.9774
51976,000000051976.jpg,salt_pepper,low,17.1269
52017,000000052017.jpg,salt_pepper,low,22.0659
52413,000000052413.jpg,salt_pepper,low,15.5195
53505,000000053505.jpg,salt_pepper,low,19.6102
53909,000000053909.jpg,salt_pepper,low,20.0247
54592,000000054592.jpg,salt_pepper,low,17.543
60507,000000060507.jpg,salt_pepper,low,20.1488
60899,000000060899.jpg,salt_pepper,low,17.4339
63047,000000063047.jpg,salt_pepper,low,16.8665
64084,000000064084.jpg,salt_pepper,low,18.7306
66231,000000066231.jpg,salt_pepper,low,15.1306
66886,000000066886.jpg,salt_pepper,low,18.7416
67406,000000067406.jpg,salt_pepper,low,21.7688
67616,000000067616.jpg,salt_pepper,low,17.92
69138,000000069138.jpg,salt_pepper,low,15.3721
74092,000000074092.jpg,salt_pepper,low,12.9601
74200,000000074200.jpg,salt_pepper,low,16.6803
76547,000000076547.jpg,salt_pepper,low,17.8636
76625,000000076625.jpg,salt_pepper,low,17.9997
79014,000000079014.jpg,salt_pepper,low,18.9331
79144,000000079144.jpg,salt_pepper,low,17.8978
80659,000000080659.jpg,salt_pepper,low,19.6473
81594,000000081594.jpg,salt_pepper,low,19.9265
84031,000000084031.jpg,salt_pepper,low,18.4325
84431,000000084431.jpg,salt_pepper,low,19.8834
85665,000000085665.jpg,salt_pepper,low,22.9262
86956,000000086956.jpg,salt_pepper,low,15.9158
87476,000000087476.jpg,salt_pepper,low,14.9296
89078,000000089078.jpg,salt_pepper,low,21.4272
90208,000000090208.jpg,salt_pepper,low,18.8839
90631,000000090631.jpg,salt_pepper,low,21.7331
91615,000000091615.jpg,salt_pepper,low,20.0167
91654,000000091654.jpg,salt_pepper,low,19.9669
92053,000000092053.jpg,salt_pepper,low,11.9205
94871,000000094871.jpg,salt_pepper,low,19.3253
95899,000000095899.jpg,salt_pepper,low,21.0628
96001,000000096001.jpg,salt_pepper,low,21.2344
99054,000000099054.jpg,salt_pepper,low,19.4786
100274,000000100274.jpg,salt_pepper,low,19.9467
100510,000000100510.jpg,salt_pepper,low,17.9697
101068,000000101068.jpg,salt_pepper,low,20.1815
101762,000000101762.jpg,salt_pepper,low,19.413
102707,000000102707.jpg,salt_pepper,low,19.5155
102820,000000102820.jpg,salt_pepper,low,18.3424
104619,000000104619.jpg,salt_pepper,low,20.559
105335,000000105335.jpg,salt_pepper,low,18.724
106389,000000106389.jpg,salt_pepper,low,19.6078
106912,000000106912.jpg,salt_pepper,low,20.8792
107226,000000107226.jpg,salt_pepper,low,18.8027
107554,000000107554.jpg,salt_pepper,low,18.2056
109916,000000109916.jpg,salt_pepper,low,18.2119
110359,000000110359.jpg,salt_pepper,low,21.0476
110999,000000110999.jpg,salt_pepper,low,7.6342
111207,000000111207.jpg,salt_pepper,low,16.169
111951,000000111951.jpg,salt_pepper,low,19.6212
113354,000000113354.jpg,salt_pepper,low,18.4893
113720,000000113720.jpg,salt_pepper,low,18.6599
114049,000000114049.jpg,salt_pepper,low,16.7819
116362,000000116362.jpg,salt_pepper,low,20.069
116589,000000116589.jpg,salt_pepper,low,18.1903
118594,000000118594.jpg,salt_pepper,low,20.3774
122166,000000122166.jpg,salt_pepper,low,21.173
122962,000000122962.jpg,salt_pepper,low,17.0275
124975,000000124975.jpg,salt_pepper,low,19.9473
125778,000000125778.jpg,salt_pepper,low,17.739
125806,000000125806.jpg,salt_pepper,low,17.7525
127182,000000127182.jpg,salt_pepper,low,19.0154
127394,000000127394.jpg,salt_pepper,low,17.1159
127624,000000127624.jpg,salt_pepper,low,19.1288
130826,000000130826.jpg,salt_pepper,low,19.665
131386,000000131386.jpg,salt_pepper,low,22.2122
131556,000000131556.jpg,salt_pepper,low,21.9954
133969,000000133969.jpg,salt_pepper,low,18.4754
134886,000000134886.jpg,salt_pepper,low,21.1734
136915,000000136915.jpg,salt_pepper,low,19.0836
140439,000000140439.jpg,salt_pepper,low,22.1663
140640,000000140640.jpg,salt_pepper,low,16.152
142092,000000142092.jpg,salt_pepper,low,17.8433
142790,000000142790.jpg,salt_pepper,low,21.8423
147729,000000147729.jpg,salt_pepper,low,9.5868
148730,000000148730.jpg,salt_pepper,low,21.9563
149770,000000149770.jpg,salt_pepper,low,21.6747
151000,000000151000.jpg,salt_pepper,low,19.5321
151480,000000151480.jpg,salt_pepper,low,18.6983
151820,000000151820.jpg,salt_pepper,low,18.3311
151938,000000151938.jpg,salt_pepper,low,14.9105
155051,000000155051.jpg,salt_pepper,low,3.3125
155443,000000155443.jpg,salt_pepper,low,17.0902
157418,000000157418.jpg,salt_pepper,low,18.5078
157767,000000157767.jpg,salt_pepper,low,18.6653
158227,000000158227.jpg,salt_pepper,low,18.5791
159311,000000159311.jpg,salt_pepper,low,18.4067
160556,000000160556.jpg,salt_pepper,low,13.6278
161861,000000161861.jpg,salt_pepper,low,20.2012
161879,000000161879.jpg,salt_pepper,low,16.6502
162543,000000162543.jpg,salt_pepper,low,18.6723
162732,000000162732.jpg,salt_pepper,low,19.8934
163117,000000163117.jpg,salt_pepper,low,20.7171
163290,000000163290.jpg,salt_pepper,low,20.2309
163314,000000163314.jpg,salt_pepper,low,16.5212
163640,000000163640.jpg,salt_pepper,low,18.3128
164115,000000164115.jpg,salt_pepper,low,17.7591
166287,000000166287.jpg,salt_pepper,low,17.8031
166391,000000166391.jpg,salt_pepper,low,19.3708
166509,000000166509.jpg,salt_pepper,low,15.9559
170116,000000170116.jpg,salt_pepper,low,17.0408
172648,000000172648.jpg,salt_pepper,low,19.008
172877,000000172877.jpg,salt_pepper,low,17.8763
173057,000000173057.jpg,salt_pepper,low,20.0513
173830,000000173830.jpg,salt_pepper,low,21.4839
175443,000000175443.jpg,salt_pepper,low,13.7447
176232,000000176232.jpg,salt_pepper,low,22.2311
176901,000000176901.jpg,salt_pepper,low,20.8857
177935,000000177935.jpg,salt_pepper,low,19.7281
178028,000000178028.jpg,salt_pepper,low,15.0606
179392,000000179392.jpg,salt_pepper,low,17.6178
180878,000000180878.jpg,salt_pepper,low,15.2052
181796,000000181796.jpg,salt_pepper,low,19.2507
182611,000000182611.jpg,salt_pepper,low,17.4112
185157,000000185157.jpg,salt_pepper,low,21.4561
186637,000000186637.jpg,salt_pepper,low,17.4835
186873,000000186873.jpg,salt_pepper,low,17.5522
186980,000000186980.jpg,salt_pepper,low,19.7203
187734,000000187734.jpg,salt_pepper,low,18.8026
189698,000000189698.jpg,salt_pepper,low,16.2053
189806,000000189806.jpg,salt_pepper,low,19.8956
190140,000000190140.jpg,salt_pepper,low,15.1891
190923,000000190923.jpg,salt_pepper,low,18.6466
191471,000000191471.jpg,salt_pepper,low,20.985
191580,000000191580.jpg,salt_pepper,low,19.3133
192871,000000192871.jpg,salt_pepper,low,16.7004
194471,000000194471.jpg,salt_pepper,low,20.415
196185,000000196185.jpg,salt_pepper,low,21.1784
200839,000000200839.jpg,salt_pepper,low,19.6928
200961,000000200961.jpg,salt_pepper,low,20.9037
202228,000000202228.jpg,salt_pepper,low,20.5161
205647,000000205647.jpg,salt_pepper,low,21.6652
206025,000000206025.jpg,salt_pepper,low,19.7849
206411,000000206411.jpg,salt_pepper,low,18.051
206838,000000206838.jpg,salt_pepper,low,20.6466
207585,000000207585.jpg,salt_pepper,low,18.8268
209972,000000209972.jpg,salt_pepper,low,21.8329
210030,000000210030.jpg,salt_pepper,low,21.0594
210388,000000210388.jpg,salt_pepper,low,21.9847
210789,000000210789.jpg,salt_pepper,low,19.6015
211674,000000211674.jpg,salt_pepper,low,20.6847
212895,000000212895.jpg,salt_pepper,low,20.4228
213035,000000213035.jpg,salt_pepper,low,14.6718
213593,000000213593.jpg,salt_pepper,low,11.2646
214192,000000214192.jpg,salt_pepper,low,18.5574
215259,000000215259.jpg,salt_pepper,low,20.4901
216296,000000216296.jpg,salt_pepper,low,18.6775
218997,000000218997.jpg,salt_pepper,low,17.8336
219440,000000219440.jpg,salt_pepper,low,17.9028
220310,000000220310.jpg,salt_pepper,low,14.93
221291,000000221291.jpg,salt_pepper,low,22.3735
222825,000000222825.jpg,salt_pepper,low,20.6225
222863,000000222863.jpg,salt_pepper,low,18.1251
223738,000000223738.jpg,salt_pepper,low,19.6105
223747,000000223747.jpg,salt_pepper,low,14.0979
224093,000000224093.jpg,salt_pepper,low,18.743
227044,000000227044.jpg,salt_pepper,low,20.5321
227187,000000227187.jpg,salt_pepper,low,19.833
227511,000000227511.jpg,salt_pepper,low,19.3565
227765,000000227765.jpg,salt_pepper,low,17.1701
228981,000000228981.jpg,salt_pepper,low,20.8819
229997,000000229997.jpg,salt_pepper,low,17.4104
230819,000000230819.jpg,salt_pepper,low,19.7121
231088,000000231088.jpg,salt_pepper,low,19.2519
231097,000000231097.jpg,salt_pepper,low,10.3662
233825,000000233825.jpg,salt_pepper,low,17.4221
235057,000000235057.jpg,salt_pepper,low,16.9224
235836,000000235836.jpg,salt_pepper,low,19.0357
239347,000000239347.jpg,salt_pepper,low,18.1968
240940,000000240940.jpg,salt_pepper,low,18.2871
242287,000000242287.jpg,salt_pepper,low,20.2789
243344,000000243344.jpg,salt_pepper,low,17.2831
244379,000000244379.jpg,salt_pepper,low,19.5707
244496,000000244496.jpg,salt_pepper,low,14.0084
246883,000000246883.jpg,salt_pepper,low,21.5104
249025,000000249025.jpg,salt_pepper,low,20.6335
249129,000000249129.jpg,salt_pepper,low,17.4773
251537,000000251537.jpg,salt_pepper,low,19.0624
251824,000000251824.jpg,salt_pepper,low,19.6465
253433,000000253433.jpg,salt_pepper,low,17.6392
253452,000000253452.jpg,salt_pepper,low,18.7688
254016,000000254016.jpg,salt_pepper,low,19.1524
255401,000000255401.jpg,salt_pepper,low,20.7881
255747,000000255747.jpg,salt_pepper,low,19.3304
255824,000000255824.jpg,salt_pepper,low,21.2356
256518,000000256518.jpg,salt_pepper,low,17.7856
256916,000000256916.jpg,salt_pepper,low,17.8026
257169,000000257169.jpg,salt_pepper,low,20.6306
257478,000000257478.jpg,salt_pepper,low,18.4713
259382,000000259382.jpg,salt_pepper,low,18.46
259830,000000259830.jpg,salt_pepper,low,18.5911
260105,000000260105.jpg,salt_pepper,low,20.2286
261061,000000261061.jpg,salt_pepper,low,16.118
262048,000000262048.jpg,salt_pepper,low,21.0289
263403,000000263403.jpg,salt_pepper,low,21.6506
265816,000000265816.jpg,salt_pepper,low,19.2821
266082,000000266082.jpg,salt_pepper,low,19.1468
267537,000000267537.jpg,salt_pepper,low,17.8379
267670,000000267670.jpg,salt_pepper,low,19.5518
269113,000000269113.jpg,salt_pepper,low,19.3964
270244,000000270244.jpg,salt_pepper,low,15.6311
270297,000000270297.jpg,salt_pepper,low,19.2605
270677,000000270677.jpg,salt_pepper,low,15.8892
273198,000000273198.jpg,salt_pepper,low,20.9553
273420,000000273420.jpg,salt_pepper,low,20.6192
273712,000000273712.jpg,salt_pepper,low,18.2015
273760,000000273760.jpg,salt_pepper,low,20.5309
275749,000000275749.jpg,salt_pepper,low,18.0736
276055,000000276055.jpg,salt_pepper,low,19.783
277584,000000277584.jpg,salt_pepper,low,18.9388
278848,000000278848.jpg,salt_pepper,low,17.1666
279927,000000279927.jpg,salt_pepper,low,21.0968
280930,000000280930.jpg,salt_pepper,low,17.7738
282912,000000282912.jpg,salt_pepper,low,17.6263
283037,000000283037.jpg,salt_pepper,low,14.3591
286422,000000286422.jpg,salt_pepper,low,22.0507
286660,000000286660.jpg,salt_pepper,low,18.38
287527,000000287527.jpg,salt_pepper,low,20.6
289594,000000289594.jpg,salt_pepper,low,19.1424
289659,000000289659.jpg,salt_pepper,low,20.4157
295797,000000295797.jpg,salt_pepper,low,17.0292
295809,000000295809.jpg,salt_pepper,low,19.1719
297427,000000297427.jpg,salt_pepper,low,19.2083
306136,000000306136.jpg,salt_pepper,low,12.3419
306893,000000306893.jpg,salt_pepper,low,19.4615
307658,000000307658.jpg,salt_pepper,low,17.7393
308193,000000308193.jpg,salt_pepper,low,19.0879
308476,000000308476.jpg,salt_pepper,low,19.7674
309484,000000309484.jpg,salt_pepper,low,17.9092
314709,000000314709.jpg,salt_pepper,low,22.4718
314914,000000314914.jpg,salt_pepper,low,19.7936
316666,000000316666.jpg,salt_pepper,low,12.1508
319534,000000319534.jpg,salt_pepper,low,18.965
320490,000000320490.jpg,salt_pepper,low,16.5569
320743,000000320743.jpg,salt_pepper,low,18.844
322724,000000322724.jpg,salt_pepper,low,21.565
323828,000000323828.jpg,salt_pepper,low,17.1536
323895,000000323895.jpg,salt_pepper,low,20.5457
326462,000000326462.jpg,salt_pepper,low,19.5068
327601,000000327601.jpg,salt_pepper,low,18.1747
328430,000000328430.jpg,salt_pepper,low,18.6981
329827,000000329827.jpg,salt_pepper,low,21.2804
330790,000000330790.jpg,salt_pepper,low,18.9021
330818,000000330818.jpg,salt_pepper,low,18.4096
331317,000000331317.jpg,salt_pepper,low,17.6416
332845,000000332845.jpg,salt_pepper,low,15.5687
333237,000000333237.jpg,salt_pepper,low,21.5852
335954,000000335954.jpg,salt_pepper,low,18.9985
336232,000000336232.jpg,salt_pepper,low,17.6145
338304,000000338304.jpg,salt_pepper,low,16.2665
338625,000000338625.jpg,salt_pepper,low,20.315
339823,000000339823.jpg,salt_pepper,low,19.0271
339870,000000339870.jpg,salt_pepper,low,10.7873
341058,000000341058.jpg,salt_pepper,low,18.6311
342186,000000342186.jpg,salt_pepper,low,17.0719
343466,000000343466.jpg,salt_pepper,low,16.8496
346638,000000346638.jpg,salt_pepper,low,16.0209
347930,000000347930.jpg,salt_pepper,low,17.1321
348216,000000348216.jpg,salt_pepper,low,17.0633
348488,000000348488.jpg,salt_pepper,low,17.2385
348708,000000348708.jpg,salt_pepper,low,18.9904
349678,000000349678.jpg,salt_pepper,low,20.0241
350122,000000350122.jpg,salt_pepper,low,19.1841
351530,000000351530.jpg,salt_pepper,low,18.2991
352618,000000352618.jpg,salt_pepper,low,20.2324
354829,000000354829.jpg,salt_pepper,low,19.2379
356125,000000356125.jpg,salt_pepper,low,19.5465
356428,000000356428.jpg,salt_pepper,low,18.0456
357060,000000357060.jpg,salt_pepper,low,18.3929
357737,000000357737.jpg,salt_pepper,low,20.3126
358923,000000358923.jpg,salt_pepper,low,18.5321
361268,000000361268.jpg,salt_pepper,low,17.1504
361571,000000361571.jpg,salt_pepper,low,19.9489
362716,000000362716.jpg,salt_pepper,low,18.7649
363784,000000363784.jpg,salt_pepper,low,16.8092
364166,000000364166.jpg,salt_pepper,low,19.1215
366141,000000366141.jpg,salt_pepper,low,20.1076
366199,000000366199.jpg,salt_pepper,low,19.3391
368456,000000368456.jpg,salt_pepper,low,19.9546
370900,000000370900.jpg,salt_pepper,low,19.8288
372577,000000372577.jpg,salt_pepper,low,20.273
372718,000000372718.jpg,salt_pepper,low,22.6209
376206,000000376206.jpg,salt_pepper,low,21.1295
376284,000000376284.jpg,salt_pepper,low,18.5375
376478,000000376478.jpg,salt_pepper,low,18.3669
377113,000000377113.jpg,salt_pepper,low,19.2029
377239,000000377239.jpg,salt_pepper,low,20.9305
377882,000000377882.jpg,salt_pepper,low,18.6116
380913,000000380913.jpg,salt_pepper,low,16.9949
381587,000000381587.jpg,salt_pepper,low,20.226
383621,000000383621.jpg,salt_pepper,low,21.0002
384666,000000384666.jpg,salt_pepper,low,22.5303
385719,000000385719.jpg,salt_pepper,low,18.3267
387148,000000387148.jpg,salt_pepper,low,17.8914
387383,000000387383.jpg,salt_pepper,low,19.3345
388056,000000388056.jpg,salt_pepper,low,19.5775
388903,000000388903.jpg,salt_pepper,low,20.1656
393226,000000393226.jpg,salt_pepper,low,20.3919
395801,000000395801.jpg,salt_pepper,low,19.8587
396205,000000396205.jpg,salt_pepper,low,19.1329
396274,000000396274.jpg,salt_pepper,low,20.2021
397681,000000397681.jpg,salt_pepper,low,20.1658
399655,000000399655.jpg,salt_pepper,low,19.7728
400044,000000400044.jpg,salt_pepper,low,22.1283
400082,000000400082.jpg,salt_pepper,low,18.3743
402118,000000402118.jpg,salt_pepper,low,14.4757
402720,000000402720.jpg,salt_pepper,low,15.7332
404191,000000404191.jpg,salt_pepper,low,20.4673
404484,000000404484.jpg,salt_pepper,low,17.9669
404805,000000404805.jpg,salt_pepper,low,20.5607
407825,000000407825.jpg,salt_pepper,low,20.3478
407960,000000407960.jpg,salt_pepper,low,16.4292
408830,000000408830.jpg,salt_pepper,low,18.3999
409268,000000409268.jpg,salt_pepper,low,20.2533
410487,000000410487.jpg,salt_pepper,low,19.4963
410712,000000410712.jpg,salt_pepper,low,13.7711
411754,000000411754.jpg,salt_pepper,low,19.7488
411774,000000411774.jpg,salt_pepper,low,14.4216
414340,000000414340.jpg,salt_pepper,low,19.6469
414676,000000414676.jpg,salt_pepper,low,21.6825
415238,000000415238.jpg,salt_pepper,low,14.2955
415990,000000415990.jpg,salt_pepper,low,20.035
416837,000000416837.jpg,salt_pepper,low,21.0771
418696,000000418696.jpg,salt_pepper,low,16.6091
420069,000000420069.jpg,salt_pepper,low,20.7261
420281,000000420281.jpg,salt_pepper,low,18.3881
421455,000000421455.jpg,salt_pepper,low,17.9595
424521,000000424521.jpg,salt_pepper,low,18.9622
424975,000000424975.jpg,salt_pepper,low,20.1217
426241,000000426241.jpg,salt_pepper,low,18.4628
426268,000000426268.jpg,salt_pepper,low,19.975
426372,000000426372.jpg,salt_pepper,low,19.4982
427500,000000427500.jpg,salt_pepper,low,19.7732
429718,000000429718.jpg,salt_pepper,low,19.5425
431727,000000431727.jpg,salt_pepper,low,21.6072
431848,000000431848.jpg,salt_pepper,low,19.1866
435003,000000435003.jpg,salt_pepper,low,18.2756
435205,000000435205.jpg,salt_pepper,low,19.5194
435206,000000435206.jpg,salt_pepper,low,22.8559
436315,000000436315.jpg,salt_pepper,low,16.5872
436617,000000436617.jpg,salt_pepper,low,16.1005
437205,000000437205.jpg,salt_pepper,low,18.2707
437331,000000437331.jpg,salt_pepper,low,20.4217
439426,000000439426.jpg,salt_pepper,low,19.1811
440336,000000440336.jpg,salt_pepper,low,15.866
440475,000000440475.jpg,salt_pepper,low,14.948
441442,000000441442.jpg,salt_pepper,low,17.6887
441491,000000441491.jpg,salt_pepper,low,19.5453
442456,000000442456.jpg,salt_pepper,low,19.4045
443844,000000443844.jpg,salt_pepper,low,20.3295
445602,000000445602.jpg,salt_pepper,low,21.174
445675,000000445675.jpg,salt_pepper,low,20.2736
445846,000000445846.jpg,salt_pepper,low,20.3451
446207,000000446207.jpg,salt_pepper,low,15.6925
447313,000000447313.jpg,salt_pepper,low,18.4105
449198,000000449198.jpg,salt_pepper,low,16.8045
449996,000000449996.jpg,salt_pepper,low,22.0395
451435,000000451435.jpg,salt_pepper,low,18.615
453001,000000453001.jpg,salt_pepper,low,17.2778
453708,000000453708.jpg,salt_pepper,low,15.6928
453981,000000453981.jpg,salt_pepper,low,18.8435
454798,000000454798.jpg,salt_pepper,low,19.7244
459195,000000459195.jpg,salt_pepper,low,19.1873
459396,000000459396.jpg,salt_pepper,low,19.2398
459887,000000459887.jpg,salt_pepper,low,19.0843
462576,000000462576.jpg,salt_pepper,low,15.8606
463542,000000463542.jpg,salt_pepper,low,22.2358
464476,000000464476.jpg,salt_pepper,low,17.5402
464689,000000464689.jpg,salt_pepper,low,20.6753
467315,000000467315.jpg,salt_pepper,low,18.712
470121,000000470121.jpg,salt_pepper,low,18.1848
473118,000000473118.jpg,salt_pepper,low,17.726
475387,000000475387.jpg,salt_pepper,low,19.8263
475904,000000475904.jpg,salt_pepper,low,16.5249
476704,000000476704.jpg,salt_pepper,low,20.2026
477623,000000477623.jpg,salt_pepper,low,20.8725
478286,000000478286.jpg,salt_pepper,low,19.0747
478721,000000478721.jpg,salt_pepper,low,20.5281
479248,000000479248.jpg,salt_pepper,low,16.4645
480936,000000480936.jpg,salt_pepper,low,18.5197
484760,000000484760.jpg,salt_pepper,low,21.4082
488075,000000488075.jpg,salt_pepper,low,19.6542
491613,000000491613.jpg,salt_pepper,low,20.8261
491683,000000491683.jpg,salt_pepper,low,18.468
492077,000000492077.jpg,salt_pepper,low,18.4017
492878,000000492878.jpg,salt_pepper,low,18.8128
492968,000000492968.jpg,salt_pepper,low,22.6749
496409,000000496409.jpg,salt_pepper,low,21.9125
496571,000000496571.jpg,salt_pepper,low,18.9687
499031,000000499031.jpg,salt_pepper,low,19.9594
499768,000000499768.jpg,salt_pepper,low,20.7964
500049,000000500049.jpg,salt_pepper,low,20.2667
502168,000000502168.jpg,salt_pepper,low,20.47
502347,000000502347.jpg,salt_pepper,low,19.4927
504074,000000504074.jpg,salt_pepper,low,17.986
504415,000000504415.jpg,salt_pepper,low,19.9279
507473,000000507473.jpg,salt_pepper,low,20.3792
508602,000000508602.jpg,salt_pepper,low,19.4038
512836,000000512836.jpg,salt_pepper,low,20.0349
512929,000000512929.jpg,salt_pepper,low,16.4709
514586,000000514586.jpg,salt_pepper,low,19.0521
515982,000000515982.jpg,salt_pepper,low,19.8083
516318,000000516318.jpg,salt_pepper,low,22.3566
516601,000000516601.jpg,salt_pepper,low,19.6933
516916,000000516916.jpg,salt_pepper,low,19.2458
519039,000000519039.jpg,salt_pepper,low,18.738
522940,000000522940.jpg,salt_pepper,low,19.0086
523033,000000523033.jpg,salt_pepper,low,22.1508
524456,000000524456.jpg,salt_pepper,low,19.7264
526706,000000526706.jpg,salt_pepper,low,19.7604
527427,000000527427.jpg,salt_pepper,low,17.951
527528,000000527528.jpg,salt_pepper,low,21.0662
528578,000000528578.jpg,salt_pepper,low,21.2198
529122,000000529122.jpg,salt_pepper,low,20.0055
532058,000000532058.jpg,salt_pepper,low,21.2944
533855,000000533855.jpg,salt_pepper,low,15.4866
534601,000000534601.jpg,salt_pepper,low,19.6413
537270,000000537270.jpg,salt_pepper,low,18.7915
538067,000000538067.jpg,salt_pepper,low,20.8769
544605,000000544605.jpg,salt_pepper,low,18.5171
545100,000000545100.jpg,salt_pepper,low,18.7673
545407,000000545407.jpg,salt_pepper,low,22.3296
546325,000000546325.jpg,salt_pepper,low,17.9729
546659,000000546659.jpg,salt_pepper,low,20.4968
546976,000000546976.jpg,salt_pepper,low,15.8816
547502,000000547502.jpg,salt_pepper,low,19.5084
549055,000000549055.jpg,salt_pepper,low,21.0975
550349,000000550349.jpg,salt_pepper,low,19.8167
551820,000000551820.jpg,salt_pepper,low,19.7802
552883,000000552883.jpg,salt_pepper,low,20.44
552902,000000552902.jpg,salt_pepper,low,16.6253
556000,000000556000.jpg,salt_pepper,low,16.2121
559707,000000559707.jpg,salt_pepper,low,21.5997
560266,000000560266.jpg,salt_pepper,low,17.2708
560474,000000560474.jpg,salt_pepper,low,16.7363
560880,000000560880.jpg,salt_pepper,low,20.5271
564023,000000564023.jpg,salt_pepper,low,18.1218
565012,000000565012.jpg,salt_pepper,low,15.6886
565624,000000565624.jpg,salt_pepper,low,18.1964
566436,000000566436.jpg,salt_pepper,low,15.7942
567886,000000567886.jpg,salt_pepper,low,17.117
569917,000000569917.jpg,salt_pepper,low,19.3288
570688,000000570688.jpg,salt_pepper,low,21.5516
571008,000000571008.jpg,salt_pepper,low,21.1202
572388,000000572388.jpg,salt_pepper,low,18.5234
577584,000000577584.jpg,salt_pepper,low,19.8962
578871,000000578871.jpg,salt_pepper,low,18.3488
578967,000000578967.jpg,salt_pepper,low,19.6169
579158,000000579158.jpg,salt_pepper,low,18.9427
580294,000000580294.jpg,salt_pepper,low,20.8646
724,000000000724.jpg,salt_pepper,med,11.5607
1425,000000001425.jpg,salt_pepper,med,13.6622
1532,000000001532.jpg,salt_pepper,med,13.4585
3255,000000003255.jpg,salt_pepper,med,14.4385
3501,000000003501.jpg,salt_pepper,med,13.1058
3661,000000003661.jpg,salt_pepper,med,12.9799
6954,000000006954.jpg,salt_pepper,med,13.7726
7795,000000007795.jpg,salt_pepper,med,12.7596
9914,000000009914.jpg,salt_pepper,med,10.7455
10092,000000010092.jpg,salt_pepper,med,12.0289
10977,000000010977.jpg,salt_pepper,med,14.6654
11122,000000011122.jpg,salt_pepper,med,12.183
12280,000000012280.jpg,salt_pepper,med,13.555
15079,000000015079.jpg,salt_pepper,med,6.4762
17031,000000017031.jpg,salt_pepper,med,11.9083
17178,000000017178.jpg,salt_pepper,med,10.9954
17905,000000017905.jpg,salt_pepper,med,11.5412
20247,000000020247.jpg,salt_pepper,med,14.2577
21604,000000021604.jpg,salt_pepper,med,4.5978
22396,000000022396.jpg,salt_pepper,med,14.2127
22623,000000022623.jpg,salt_pepper,med,10.2903
23126,000000023126.jpg,salt_pepper,med,12.5715
23781,000000023781.jpg,salt_pepper,med,11.333
24610,000000024610.jpg,salt_pepper,med,10.5451
25386,000000025386.jpg,salt_pepper,med,11.4056
25560,000000025560.jpg,salt_pepper,med,9.2912
28449,000000028449.jpg,salt_pepper,med,11.5063
29984,000000029984.jpg,salt_pepper,med,13.3414
30494,000000030494.jpg,salt_pepper,med,11.1941
31217,000000031217.jpg,salt_pepper,med,9.08
31248,000000031248.jpg,salt_pepper,med,11.9977
31620,000000031620.jpg,salt_pepper,med,13.0792
32081,000000032081.jpg,salt_pepper,med,12.6376
32570,000000032570.jpg,salt_pepper,med,13.0171
32817,000000032817.jpg,salt_pepper,med,11.9904
32901,000000032901.jpg,salt_pepper,med,12.5808
33109,000000033109.jpg,salt_pepper,med,11.6577
37670,000000037670.jpg,salt_pepper,med,12.8726
38678,000000038678.jpg,salt_pepper,med,13.1185
39405,000000039405.jpg,salt_pepper,med,2.6205
42178,000000042178.jpg,salt_pepper,med,10.4911
42296,000000042296.jpg,salt_pepper,med,12.758
43314,000000043314.jpg,salt_pepper,med,12.4951
44652,000000044652.jpg,salt_pepper,med,12.261
51598,000000051598.jpg,salt_pepper,med,13.0681
51976,000000051976.jpg,salt_pepper,med,10.271
52017,000000052017.jpg,salt_pepper,med,15.1192
52413,000000052413.jpg,salt_pepper,med,8.6477
53505,000000053505.jpg,salt_pepper,med,12.661
53909,000000053909.jpg,salt_pepper,med,13.0957
54592,000000054592.jpg,salt_pepper,med,10.6756
60507,000000060507.jpg,salt_pepper,med,13.239
60899,000000060899.jpg,salt_pepper,med,10.4896
63047,000000063047.jpg,salt_pepper,med,10.0785
64084,000000064084.jpg,salt_pepper,med,11.7938
66231,000000066231.jpg,salt_pepper,med,8.1409
66886,000000066886.jpg,salt_pepper,med,11.7175
67406,000000067406.jpg,salt_pepper,med,14.7668
67616,000000067616.jpg,salt_pepper,med,11.026
69138,000000069138.jpg,salt_pepper,med,8.4668
74092,000000074092.jpg,salt_pepper,med,6.1641
74200,000000074200.jpg,salt_pepper,med,9.8464
76547,000000076547.jpg,salt_pepper,med,10.9939
76625,000000076625.jpg,salt_pepper,med,11.1638
79014,000000079014.jpg,salt_pepper,med,11.9372
79144,000000079144.jpg,salt_pepper,med,11.014
80659,000000080659.jpg,salt_pepper,med,12.6325
81594,000000081594.jpg,salt_pepper,med,13.0047
84031,000000084031.jpg,salt_pepper,med,11.5444
84431,000000084431.jpg,salt_pepper,med,13.0319
85665,000000085665.jpg,salt_pepper,med,15.969
86956,000000086956.jpg,salt_pepper,med,9.1171
87476,000000087476.jpg,salt_pepper,med,7.9705
89078,000000089078.jpg,salt_pepper,med,14.4278
90208,000000090208.jpg,salt_pepper,med,11.931
90631,000000090631.jpg,salt_pepper,med,14.7344
91615,000000091615.jpg,salt_pepper,med,13.0879
91654,000000091654.jpg,salt_pepper,med,13.0471
92053,000000092053.jpg,salt_pepper,med,5.0399
94871,000000094871.jpg,salt_pepper,med,12.4909
95899,000000095899.jpg,salt_pepper,med,14.1695
96001,000000096001.jpg,salt_pepper,med,14.2844
99054,000000099054.jpg,salt_pepper,med,12.6521
100274,000000100274.jpg,salt_pepper,med,12.8261
100510,000000100510.jpg,salt_pepper,med,11.1095
101068,000000101068.jpg,salt_pepper,med,13.2525
101762,000000101762.jpg,salt_pepper,med,12.5199
102707,000000102707.jpg,salt_pepper,med,12.637
102820,000000102820.jpg,salt_pepper,med,11.4072
104619,000000104619.jpg,salt_pepper,med,13.6798
105335,000000105335.jpg,salt_pepper,med,11.8112
106389,000000106389.jpg,salt_pepper,med,12.7196
106912,000000106912.jpg,salt_pepper,med,14.0317
107226,000000107226.jpg,salt_pepper,med,12.0749
107554,000000107554.jpg,salt_pepper,med,11.3106
109916,000000109916.jpg,salt_pepper,med,11.3803
110359,000000110359.jpg,salt_pepper,med,14.1339
110999,000000110999.jpg,salt_pepper,med,0.7501
111207,000000111207.jpg,salt_pepper,med,9.3123
111951,000000111951.jpg,salt_pepper,med,12.7261
113354,000000113354.jpg,salt_pepper,med,11.5645
113720,000000113720.jpg,salt_pepper,med,11.7892
114049,000000114049.jpg,salt_pepper,med,10.014
116362,000000116362.jpg,salt_pepper,med,13.0888
116589,000000116589.jpg,salt_pepper,med,11.2405
118594,000000118594.jpg,salt_pepper,med,13.5213
122166,000000122166.jpg,salt_pepper,med,14.2173
122962,000000122962.jpg,salt_pepper,med,10.2875
124975,000000124975.jpg,salt_pepper,med,13.0149
125778,000000125778.jpg,salt_pepper,med,10.8435
125806,000000125806.jpg,salt_pepper,med,10.9829
127182,000000127182.jpg,salt_pepper,med,12.1032
127394,000000127394.jpg,salt_pepper,med,10.1669
127624,000000127624.jpg,salt_pepper,med,12.1734
130826,000000130826.jpg,salt_pepper,med,12.8328
131386,000000131386.jpg,salt_pepper,med,15.2386
131556,000000131556.jpg,salt_pepper,med,15.2201
133969,000000133969.jpg,salt_pepper,med,11.497
134886,000000134886.jpg,salt_pepper,med,14.2535
136915,000000136915.jpg,salt_pepper,med,12.2035
140439,000000140439.jpg,salt_pepper,med,15.2449
140640,000000140640.jpg,salt_pepper,med,9.2844
142092,000000142092.jpg,salt_pepper,med,10.8822
142790,000000142790.jpg,salt_pepper,med,14.9871
147729,000000147729.jpg,salt_pepper,med,2.7525
148730,000000148730.jpg,salt_pepper,med,14.9702
149770,000000149770.jpg,salt_pepper,med,14.8485
151000,000000151000.jpg,salt_pepper,med,12.5468
151480,000000151480.jpg,salt_pepper,med,11.7539
151820,000000151820.jpg,salt_pepper,med,11.4088
151938,000000151938.jpg,salt_pepper,med,8.0912
155051,000000155051.jpg,salt_pepper,med,-3.5317
155443,000000155443.jpg,salt_pepper,med,10.2536
157418,000000157418.jpg,salt_pepper,med,11.5393
157767,000000157767.jpg,salt_pepper,med,11.6586
158227,000000158227.jpg,salt_pepper,med,11.6699
159311,000000159311.jpg,salt_pepper,med,11.5226
160556,000000160556.jpg,salt_pepper,med,6.7779
161861,000000161861.jpg,salt_pepper,med,13.239
161879,000000161879.jpg,salt_pepper,med,9.7431
162543,000000162543.jpg,salt_pepper,med,11.676
162732,000000162732.jpg,salt_pepper,med,13.0304
163117,000000163117.jpg,salt_pepper,med,13.534
163290,000000163290.jpg,salt_pepper,med,13.3533
163314,000000163314.jpg,salt_pepper,med,9.5961
163640,000000163640.jpg,salt_pepper,med,11.4088
164115,000000164115.jpg,salt_pepper,med,10.8506
166287,000000166287.jpg,salt_pepper,med,11.0127
166391,000000166391.jpg,salt_pepper,med,12.4987
166509,000000166509.jpg,salt_pepper,med,9.1232
170116,000000170116.jpg,salt_pepper,med,10.1377
172648,000000172648.jpg,salt_pepper,med,12.1136
172877,000000172877.jpg,salt_pepper,med,10.9588
173057,000000173057.jpg,salt_pepper,med,13.1852
173830,000000173830.jpg,salt_pepper,med,14.5189
175443,000000175443.jpg,salt_pepper,med,6.8932
176232,000000176232.jpg,salt_pepper,med,15.2803
176901,000000176901.jpg,salt_pepper,med,13.8766
177935,000000177935.jpg,salt_pepper,med,12.833
178028,000000178028.jpg,salt_pepper,med,8.2097
179392,000000179392.jpg,salt_pepper,med,10.722
180878,000000180878.jpg,salt_pepper,med,8.2571
181796,000000181796.jpg,salt_pepper,med,12.33
182611,000000182611.jpg,salt_pepper,med,10.5553
185157,000000185157.jpg,salt_pepper,med,14.4259
186637,000000186637.jpg,salt_pepper,med,10.6818
186873,000000186873.jpg,salt_pepper,med,10.6857
186980,000000186980.jpg,salt_pepper,med,12.7356
187734,000000187734.jpg,salt_pepper,med,11.9453
189698,000000189698.jpg,salt_pepper,med,9.4047
189806,000000189806.jpg,salt_pepper,med,12.7671
190140,000000190140.jpg,salt_pepper,med,8.3647
190923,000000190923.jpg,salt_pepper,med,11.7431
191471,000000191471.jpg,salt_pepper,med,14.081
191580,000000191580.jpg,salt_pepper,med,12.3397
192871,000000192871.jpg,salt_pepper,med,9.7727
194471,000000194471.jpg,salt_pepper,med,13.4293
196185,000000196185.jpg,salt_pepper,med,14.2882
200839,000000200839.jpg,salt_pepper,med,12.7665
200961,000000200961.jpg,salt_pepper,med,14.0503
202228,000000202228.jpg,salt_pepper,med,13.5232
205647,000000205647.jpg,salt_pepper,med,14.7085
206025,000000206025.jpg,salt_pepper,med,12.8142
206411,000000206411.jpg,salt_pepper,med,11.166
206838,000000206838.jpg,salt_pepper,med,13.6532
207585,000000207585.jpg,salt_pepper,med,11.9478
209972,000000209972.jpg,salt_pepper,med,14.8855
210030,000000210030.jpg,salt_pepper,med,13.9619
210388,000000210388.jpg,salt_pepper,med,15.0232
210789,000000210789.jpg,salt_pepper,med,12.7628
211674,000000211674.jpg,salt_pepper,med,13.7498
212895,000000212895.jpg,salt_pepper,med,13.5549
213035,000000213035.jpg,salt_pepper,med,7.8265
213593,000000213593.jpg,salt_pepper,med,4.4597
214192,000000214192.jpg,salt_pepper,med,11.7225
215259,000000215259.jpg,salt_pepper,med,13.5733
216296,000000216296.jpg,salt_pepper,med,11.8645
218997,000000218997.jpg,salt_pepper,med,10.951
219440,000000219440.jpg,salt_pepper,med,11.0735
220310,000000220310.jpg,salt_pepper,med,8.1088
221291,000000221291.jpg,salt_pepper,med,15.3132
222825,000000222825.jpg,salt_pepper,med,13.6606
222863,000000222863.jpg,salt_pepper,med,11.2177
223738,000000223738.jpg,salt_pepper,med,12.6322
223747,000000223747.jpg,salt_pepper,med,7.2919
224093,000000224093.jpg,salt_pepper,med,11.9516
227044,000000227044.jpg,salt_pepper,med,13.5595
227187,000000227187.jpg,salt_pepper,med,12.9997
227511,000000227511.jpg,salt_pepper,med,12.5746
227765,000000227765.jpg,salt_pepper,med,10.3116
228981,000000228981.jpg,salt_pepper,med,13.928
229997,000000229997.jpg,salt_pepper,med,10.4358
230819,000000230819.jpg,salt_pepper,med,12.8862
231088,000000231088.jpg,salt_pepper,med,12.3717
231097,000000231097.jpg,salt_pepper,med,3.471
233825,000000233825.jpg,salt_pepper,med,10.5873
235057,000000235057.jpg,salt_pepper,med,9.9561
235836,000000235836.jpg,salt_pepper,med,12.2433
239347,000000239347.jpg,salt_pepper,med,11.2417
240940,000000240940.jpg,salt_pepper,med,11.4461
242287,000000242287.jpg,salt_pepper,med,13.2436
243344,000000243344.jpg,salt_pepper,med,10.4341
244379,000000244379.jpg,salt_pepper,med,12.7233
244496,000000244496.jpg,salt_pepper,med,7.1512
246883,000000246883.jpg,salt_pepper,med,14.6865
249025,000000249025.jpg,salt_pepper,med,13.6674
249129,000000249129.jpg,salt_pepper,med,10.6404
251537,000000251537.jpg,salt_pepper,med,12.2061
251824,000000251824.jpg,salt_pepper,med,12.5781
253433,000000253433.jpg,salt_pepper,med,10.7127
253452,000000253452.jpg,salt_pepper,med,11.8258
254016,000000254016.jpg,salt_pepper,med,12.2265
255401,000000255401.jpg,salt_pepper,med,13.8957
255747,000000255747.jpg,salt_pepper,med,12.4589
255824,000000255824.jpg,salt_pepper,med,14.2884
256518,000000256518.jpg,salt_pepper,med,11.0486
256916,000000256916.jpg,salt_pepper,med,11.0042
257169,000000257169.jpg,salt_pepper,med,13.7429
257478,000000257478.jpg,salt_pepper,med,11.5976
259382,000000259382.jpg,salt_pepper,med,11.4599
259830,000000259830.jpg,salt_pepper,med,11.7165
260105,000000260105.jpg,salt_pepper,med,13.3569
261061,000000261061.jpg,salt_pepper,med,9.2095
262048,000000262048.jpg,salt_pepper,med,14.0731
263403,000000263403.jpg,salt_pepper,med,14.736
265816,000000265816.jpg,salt_pepper,med,12.2537
266082,000000266082.jpg,salt_pepper,med,12.2343
267537,000000267537.jpg,salt_pepper,med,11.0492
267670,000000267670.jpg,salt_pepper,med,12.6721
269113,000000269113.jpg,salt_pepper,med,12.5082
270244,000000270244.jpg,salt_pepper,med,8.7811
270297,000000270297.jpg,salt_pepper,med,12.2513
270677,000000270677.jpg,salt_pepper,med,9.0099
273198,000000273198.jpg,salt_pepper,med,14.019
273420,000000273420.jpg,salt_pepper,med,13.726
273712,000000273712.jpg,salt_pepper,med,11.2565
273760,000000273760.jpg,salt_pepper,med,13.6347
275749,000000275749.jpg,salt_pepper,med,11.0812
276055,000000276055.jpg,salt_pepper,med,12.9974
277584,000000277584.jpg,salt_pepper,med,12.0485
278848,000000278848.jpg,salt_pepper,med,10.2091
279927,000000279927.jpg,salt_pepper,med,14.1942
280930,000000280930.jpg,salt_pepper,med,10.9099
282912,000000282912.jpg,salt_pepper,med,10.7385
283037,000000283037.jpg,salt_pepper,med,7.4875
286422,000000286422.jpg,salt_pepper,med,15.0985
286660,000000286660.jpg,salt_pepper,med,11.4319
287527,000000287527.jpg,salt_pepper,med,13.7243
289594,000000289594.jpg,salt_pepper,med,12.2726
289659,000000289659.jpg,salt_pepper,med,13.4307
295797,000000295797.jpg,salt_pepper,med,10.1512
295809,000000295809.jpg,salt_pepper,med,12.3073
297427,000000297427.jpg,salt_pepper,med,12.1664
306136,000000306136.jpg,salt_pepper,med,5.4998
306893,000000306893.jpg,salt_pepper,med,12.5269
307658,000000307658.jpg,salt_pepper,med,10.8275
308193,000000308193.jpg,salt_pepper,med,12.1556
308476,000000308476.jpg,salt_pepper,med,12.9175
309484,000000309484.jpg,salt_pepper,med,10.9554
314709,000000314709.jpg,salt_pepper,med,15.5372
314914,000000314914.jpg,salt_pepper,med,12.9297
316666,000000316666.jpg,salt_pepper,med,5.3196
319534,000000319534.jpg,salt_pepper,med,11.9363
320490,000000320490.jpg,salt_pepper,med,9.7157
320743,000000320743.jpg,salt_pepper,med,12.0883
322724,000000322724.jpg,salt_pepper,med,14.6605
323828,000000323828.jpg,salt_pepper,med,10.3085
323895,000000323895.jpg,salt_pepper,med,13.6762
326462,000000326462.jpg,salt_pepper,med,12.5571
327601,000000327601.jpg,salt_pepper,med,11.1805
328430,000000328430.jpg,salt_pepper,med,11.9009
329827,000000329827.jpg,salt_pepper,med,14.2909
330790,000000330790.jpg,salt_pepper,med,11.9603
330818,000000330818.jpg,salt_pepper,med,11.5755
331317,000000331317.jpg,salt_pepper,med,10.6719
332845,000000332845.jpg,salt_pepper,med,8.8263
333237,000000333237.jpg,salt_pepper,med,14.6779
335954,000000335954.jpg,salt_pepper,med,12.2111
336232,000000336232.jpg,salt_pepper,med,10.636
338304,000000338304.jpg,salt_pepper,med,9.5292
338625,000000338625.jpg,salt_pepper,med,13.3739
339823,000000339823.jpg,salt_pepper,med,12.1321
339870,000000339870.jpg,salt_pepper,med,3.98
341058,000000341058.jpg,salt_pepper,med,11.5517
342186,000000342186.jpg,salt_pepper,med,10.1438
343466,000000343466.jpg,salt_pepper,med,10.0173
346638,000000346638.jpg,salt_pepper,med,9.0759
347930,000000347930.jpg,salt_pepper,med,10.2675
348216,000000348216.jpg,salt_pepper,med,10.2993
348488,000000348488.jpg,salt_pepper,med,10.4539
348708,000000348708.jpg,salt_pepper,med,12.0128
349678,000000349678.jpg,salt_pepper,med,13.1929
350122,000000350122.jpg,salt_pepper,med,12.2808
351530,000000351530.jpg,salt_pepper,med,11.3162
352618,000000352618.jpg,salt_pepper,med,13.3379
354829,000000354829.jpg,salt_pepper,med,12.5054
356125,000000356125.jpg,salt_pepper,med,12.5599
356428,000000356428.jpg,salt_pepper,med,11.2968
357060,000000357060.jpg,salt_pepper,med,11.5232
357737,000000357737.jpg,salt_pepper,med,13.3187
358923,000000358923.jpg,salt_pepper,med,11.5971
361268,000000361268.jpg,salt_pepper,med,10.3037
361571,000000361571.jpg,salt_pepper,med,13.0096
362716,000000362716.jpg,salt_pepper,med,11.9116
363784,000000363784.jpg,salt_pepper,med,9.91
364166,000000364166.jpg,salt_pepper,med,12.3157
366141,000000366141.jpg,salt_pepper,med,13.2139
366199,000000366199.jpg,salt_pepper,med,12.3605
368456,000000368456.jpg,salt_pepper,med,12.9766
370900,000000370900.jpg,salt_pepper,med,12.8562
372577,000000372577.jpg,salt_pepper,med,13.3384
372718,000000372718.jpg,salt_pepper,med,15.646
376206,000000376206.jpg,salt_pepper,med,14.2234
376284,000000376284.jpg,salt_pepper,med,11.5881
376478,000000376478.jpg,salt_pepper,med,11.4624
377113,000000377113.jpg,salt_pepper,med,12.3755
377239,000000377239.jpg,salt_pepper,med,14.0309
377882,000000377882.jpg,salt_pepper,med,11.7838
380913,000000380913.jpg,salt_pepper,med,10.0957
381587,000000381587.jpg,salt_pepper,med,13.2467
383621,000000383621.jpg,salt_pepper,med,14.1004
384666,000000384666.jpg,salt_pepper,med,15.5753
385719,000000385719.jpg,salt_pepper,med,11.498
387148,000000387148.jpg,salt_pepper,med,10.9895
387383,000000387383.jpg,salt_pepper,med,12.3991
388056,000000388056.jpg,salt_pepper,med,12.5724
388903,000000388903.jpg,salt_pepper,med,13.0751
393226,000000393226.jpg,salt_pepper,med,13.5152
395801,000000395801.jpg,salt_pepper,med,13.0029
396205,000000396205.jpg,salt_pepper,med,12.2275
396274,000000396274.jpg,salt_pepper,med,13.303
397681,000000397681.jpg,salt_pepper,med,13.1966
399655,000000399655.jpg,salt_pepper,med,12.6921
400044,000000400044.jpg,salt_pepper,med,15.2083
400082,000000400082.jpg,salt_pepper,med,11.5274
402118,000000402118.jpg,salt_pepper,med,7.5675
402720,000000402720.jpg,salt_pepper,med,8.8592
404191,000000404191.jpg,salt_pepper,med,13.5273
404484,000000404484.jpg,salt_pepper,med,11.0755
404805,000000404805.jpg,salt_pepper,med,13.6767
407825,000000407825.jpg,salt_pepper,med,13.5396
407960,000000407960.jpg,salt_pepper,med,9.4438
408830,000000408830.jpg,salt_pepper,med,11.4756
409268,000000409268.jpg,salt_pepper,med,13.3871
410487,000000410487.jpg,salt_pepper,med,12.7951
410712,000000410712.jpg,salt_pepper,med,6.9102
411754,000000411754.jpg,salt_pepper,med,12.929
411774,000000411774.jpg,salt_pepper,med,7.5602
414340,000000414340.jpg,salt_pepper,med,12.8006
414676,000000414676.jpg,salt_pepper,med,14.7107
415238,000000415238.jpg,salt_pepper,med,7.454
415990,000000415990.jpg,salt_pepper,med,13.1277
416837,000000416837.jpg,salt_pepper,med,13.9889
418696,000000418696.jpg,salt_pepper,med,9.7657
420069,000000420069.jpg,salt_pepper,med,13.7713
420281,000000420281.jpg,salt_pepper,med,11.5944
421455,000000421455.jpg,salt_pepper,med,11.1156
424521,000000424521.jpg,salt_pepper,med,12.0706
424975,000000424975.jpg,salt_pepper,med,13.2441
426241,000000426241.jpg,salt_pepper,med,11.7467
426268,000000426268.jpg,salt_pepper,med,12.9173
426372,000000426372.jpg,salt_pepper,med,12.6265
427500,000000427500.jpg,salt_pepper,med,12.8619
429718,000000429718.jpg,salt_pepper,med,12.7413
431727,000000431727.jpg,salt_pepper,med,14.6309
431848,000000431848.jpg,salt_pepper,med,12.2638
435003,000000435003.jpg,salt_pepper,med,11.3767
435205,000000435205.jpg,salt_pepper,med,12.7216
435206,000000435206.jpg,salt_pepper,med,15.9144
436315,000000436315.jpg,salt_pepper,med,9.7356
436617,000000436617.jpg,salt_pepper,med,9.3202
437205,000000437205.jpg,salt_pepper,med,11.3315
437331,000000437331.jpg,salt_pepper,med,13.5835
439426,000000439426.jpg,salt_pepper,med,12.3758
440336,000000440336.jpg,salt_pepper,med,8.9743
440475,000000440475.jpg,salt_pepper,med,8.0293
441442,000000441442.jpg,salt_pepper,med,10.8189
441491,000000441491.jpg,salt_pepper,med,12.725
442456,000000442456.jpg,salt_pepper,med,12.5991
443844,000000443844.jpg,salt_pepper,med,13.5359
445602,000000445602.jpg,salt_pepper,med,14.33
445675,000000445675.jpg,salt_pepper,med,13.3414
445846,000000445846.jpg,salt_pepper,med,13.5072
446207,000000446207.jpg,salt_pepper,med,8.8223
447313,000000447313.jpg,salt_pepper,med,11.4352
449198,000000449198.jpg,salt_pepper,med,9.9409
449996,000000449996.jpg,salt_pepper,med,15.0491
451435,000000451435.jpg,salt_pepper,med,11.8452
453001,000000453001.jpg,salt_pepper,med,10.5281
453708,000000453708.jpg,salt_pepper,med,8.7817
453981,000000453981.jpg,salt_pepper,med,12.0368
454798,000000454798.jpg,salt_pepper,med,12.8618
459195,000000459195.jpg,salt_pepper,med,12.4219
459396,000000459396.jpg,salt_pepper,med,12.376
459887,000000459887.jpg,salt_pepper,med,12.2848
462576,000000462576.jpg,salt_pepper,med,9.0427
463542,000000463542.jpg,salt_pepper,med,15.2202
464476,000000464476.jpg,salt_pepper,med,10.5224
464689,000000464689.jpg,salt_pepper,med,13.752
467315,000000467315.jpg,salt_pepper,med,11.808
470121,000000470121.jpg,salt_pepper,med,11.2522
473118,000000473118.jpg,salt_pepper,med,10.9403
475387,000000475387.jpg,salt_pepper,med,12.7944
475904,000000475904.jpg,salt_pepper,med,9.6272
476704,000000476704.jpg,salt_pepper,med,13.2325
477623,000000477623.jpg,salt_pepper,med,13.9414
478286,000000478286.jpg,salt_pepper,med,12.264
478721,000000478721.jpg,salt_pepper,med,13.7053
479248,000000479248.jpg,salt_pepper,med,9.5881
480936,000000480936.jpg,salt_pepper,med,11.6739
484760,000000484760.jpg,salt_pepper,med,14.4005
488075,000000488075.jpg,salt_pepper,med,12.7561
491613,000000491613.jpg,salt_pepper,med,13.9395
491683,000000491683.jpg,salt_pepper,med,11.5786
492077,000000492077.jpg,salt_pepper,med,11.4614
492878,000000492878.jpg,salt_pepper,med,11.979
492968,000000492968.jpg,salt_pepper,med,15.7489
496409,000000496409.jpg,salt_pepper,med,15.0001
496571,000000496571.jpg,salt_pepper,med,12.0546
499031,000000499031.jpg,salt_pepper,med,13.026
499768,000000499768.jpg,salt_pepper,med,13.9296
500049,000000500049.jpg,salt_pepper,med,13.2498
502168,000000502168.jpg,salt_pepper,med,13.3767
502347,000000502347.jpg,salt_pepper,med,12.5313
504074,000000504074.jpg,salt_pepper,med,11.1134
504415,000000504415.jpg,salt_pepper,med,12.9609
507473,000000507473.jpg,salt_pepper,med,13.5036
508602,000000508602.jpg,salt_pepper,med,12.5223
512836,000000512836.jpg,salt_pepper,med,13.1806
512929,000000512929.jpg,salt_pepper,med,9.5909
514586,000000514586.jpg,salt_pepper,med,12.1393
515982,000000515982.jpg,salt_pepper,med,12.8836
516318,000000516318.jpg,salt_pepper,med,15.4181
516601,000000516601.jpg,salt_pepper,med,12.7641
516916,000000516916.jpg,salt_pepper,med,12.3121
519039,000000519039.jpg,salt_pepper,med,11.8403
522940,000000522940.jpg,salt_pepper,med,12.086
523033,000000523033.jpg,salt_pepper,med,15.2162
524456,000000524456.jpg,salt_pepper,med,12.8481
526706,000000526706.jpg,salt_pepper,med,12.9457
527427,000000527427.jpg,salt_pepper,med,11.1413
527528,000000527528.jpg,salt_pepper,med,14.2676
528578,000000528578.jpg,salt_pepper,med,14.4264
529122,000000529122.jpg,salt_pepper,med,12.8443
532058,000000532058.jpg,salt_pepper,med,14.472
533855,000000533855.jpg,salt_pepper,med,8.5952
534601,000000534601.jpg,salt_pepper,med,12.7182
537270,000000537270.jpg,salt_pepper,med,11.9
538067,000000538067.jpg,salt_pepper,med,13.9829
544605,000000544605.jpg,salt_pepper,med,11.787
545100,000000545100.jpg,salt_pepper,med,11.8182
545407,000000545407.jpg,salt_pepper,med,15.3777
546325,000000546325.jpg,salt_pepper,med,11.064
546659,000000546659.jpg,salt_pepper,med,13.5422
546976,000000546976.jpg,salt_pepper,med,8.8841
547502,000000547502.jpg,salt_pepper,med,12.6059
549055,000000549055.jpg,salt_pepper,med,14.1612
550349,000000550349.jpg,salt_pepper,med,12.9153
551820,000000551820.jpg,salt_pepper,med,12.835
552883,000000552883.jpg,salt_pepper,med,13.624
552902,000000552902.jpg,salt_pepper,med,9.7106
556000,000000556000.jpg,salt_pepper,med,9.3658
559707,000000559707.jpg,salt_pepper,med,14.6144
560266,000000560266.jpg,salt_pepper,med,10.3516
560474,000000560474.jpg,salt_pepper,med,9.9064
560880,000000560880.jpg,salt_pepper,med,13.5994
564023,000000564023.jpg,salt_pepper,med,11.2397
565012,000000565012.jpg,salt_pepper,med,8.915
565624,000000565624.jpg,salt_pepper,med,11.2872
566436,000000566436.jpg,salt_pepper,med,8.8794
567886,000000567886.jpg,salt_pepper,med,10.14
569917,000000569917.jpg,salt_pepper,med,12.4922
570688,000000570688.jpg,salt_pepper,med,14.6815
571008,000000571008.jpg,salt_pepper,med,14.0786
572388,000000572388.jpg,salt_pepper,med,11.59
577584,000000577584.jpg,salt_pepper,med,13.0343
578871,000000578871.jpg,salt_pepper,med,11.4805
578967,000000578967.jpg,salt_pepper,med,12.7314
579158,000000579158.jpg,salt_pepper,med,12.0922
580294,000000580294.jpg,salt_pepper,med,14.0216
724,000000000724.jpg,salt_pepper,high,7.9759
1425,000000001425.jpg,salt_pepper,high,9.9932
1532,000000001532.jpg,salt_pepper,high,9.8229
3255,000000003255.jpg,salt_pepper,high,10.7819
3501,000000003501.jpg,salt_pepper,high,9.4142
3661,000000003661.jpg,salt_pepper,high,9.3374
6954,000000006954.jpg,salt_pepper,high,10.1103
7795,000000007795.jpg,salt_pepper,high,9.1363
9914,000000009914.jpg,salt_pepper,high,7.0943
10092,000000010092.jpg,salt_pepper,high,8.4112
10977,000000010977.jpg,salt_pepper,high,10.8994
11122,000000011122.jpg,salt_pepper,high,8.5975
12280,000000012280.jpg,salt_pepper,high,9.9752
15079,000000015079.jpg,salt_pepper,high,2.8747
17031,000000017031.jpg,salt_pepper,high,8.2478
17178,000000017178.jpg,salt_pepper,high,7.3944
17905,000000017905.jpg,salt_pepper,high,7.9399
20247,000000020247.jpg,salt_pepper,high,10.5659
21604,000000021604.jpg,salt_pepper,high,1.0622
22396,000000022396.jpg,salt_pepper,high,10.5296
22623,000000022623.jpg,salt_pepper,high,6.6597
23126,000000023126.jpg,salt_pepper,high,8.8912
23781,000000023781.jpg,salt_pepper,high,7.7076
24610,000000024610.jpg,salt_pepper,high,6.9267
25386,000000025386.jpg,salt_pepper,high,7.7455
25560,000000025560.jpg,salt_pepper,high,5.611
28449,000000028449.jpg,salt_pepper,high,7.853
29984,000000029984.jpg,salt_pepper,high,9.6489
30494,000000030494.jpg,salt_pepper,high,7.5063
31217,000000031217.jpg,salt_pepper,high,5.4914
31248,000000031248.jpg,salt_pepper,high,8.3605
31620,000000031620.jpg,salt_pepper,high,9.422
32081,000000032081.jpg,salt_pepper,high,8.9912
32570,000000032570.jpg,salt_pepper,high,9.4196
32817,000000032817.jpg,salt_pepper,high,8.3512
32901,000000032901.jpg,salt_pepper,high,8.9581
33109,000000033109.jpg,salt_pepper,high,8.0112
37670,000000037670.jpg,salt_pepper,high,9.2071
38678,000000038678.jpg,salt_pepper,high,9.418
39405,000000039405.jpg,salt_pepper,high,-0.9496
42178,000000042178.jpg,salt_pepper,high,6.8997
42296,000000042296.jpg,salt_pepper,high,9.0845
43314,000000043314.jpg,salt_pepper,high,8.8602
44652,000000044652.jpg,salt_pepper,high,8.6345
51598,000000051598.jpg,salt_pepper,high,9.4312
51976,000000051976.jpg,salt_pepper,high,6.6599
52017,000000052017.jpg,salt_pepper,high,11.4475
52413,000000052413.jpg,salt_pepper,high,5.0335
53505,000000053505.jpg,salt_pepper,high,9.0493
53909,000000053909.jpg,salt_pepper,high,9.4492
54592,000000054592.jpg,salt_pepper,high,7.0294
60507,000000060507.jpg,salt_pepper,high,9.6228
60899,000000060899.jpg,salt_pepper,high,6.8488
63047,000000063047.jpg,salt_pepper,high,6.4001
64084,000000064084.jpg,salt_pepper,high,8.1344
66231,000000066231.jpg,salt_pepper,high,4.5543
66886,000000066886.jpg,salt_pepper,high,8.1306
67406,000000067406.jpg,salt_pepper,high,11.0658
67616,000000067616.jpg,salt_pepper,high,7.4167
69138,000000069138.jpg,salt_pepper,high,4.8927
74092,000000074092.jpg,salt_pepper,high,2.5881
74200,000000074200.jpg,salt_pepper,high,6.1762
76547,000000076547.jpg,salt_pepper,high,7.3659
76625,000000076625.jpg,salt_pepper,high,7.5479
79014,000000079014.jpg,salt_pepper,high,8.3371
79144,000000079144.jpg,salt_pepper,high,7.3784
80659,000000080659.jpg,salt_pepper,high,9.0007
81594,000000081594.jpg,salt_pepper,high,9.3191
84031,000000084031.jpg,salt_pepper,high,7.8475
84431,000000084431.jpg,salt_pepper,high,9.3371
85665,000000085665.jpg,salt_pepper,high,12.2577
86956,000000086956.jpg,salt_pepper,high,5.4858
87476,000000087476.jpg,salt_pepper,high,4.3929
89078,000000089078.jpg,salt_pepper,high,10.736
90208,000000090208.jpg,salt_pepper,high,8.2688
90631,000000090631.jpg,salt_pepper,high,11.0677
91615,000000091615.jpg,salt_pepper,high,9.4612
91654,000000091654.jpg,salt_pepper,high,9.4052
92053,000000092053.jpg,salt_pepper,high,1.4266
94871,000000094871.jpg,salt_pepper,high,8.8196
95899,000000095899.jpg,salt_pepper,high,10.5047
96001,000000096001.jpg,salt_pepper,high,10.5982
99054,000000099054.jpg,salt_pepper,high,9.0767
100274,000000100274.jpg,salt_pepper,high,9.2406
100510,000000100510.jpg,salt_pepper,high,7.5708
101068,000000101068.jpg,salt_pepper,high,9.5699
101762,000000101762.jpg,salt_pepper,high,8.8827
102707,000000102707.jpg,salt_pepper,high,9.0229
102820,000000102820.jpg,salt_pepper,high,7.7869
104619,000000104619.jpg,salt_pepper,high,10.0651
105335,000000105335.jpg,salt_pepper,high,8.1672
106389,000000106389.jpg,salt_pepper,high,9.076
106912,000000106912.jpg,salt_pepper,high,10.3247
107226,000000107226.jpg,salt_pepper,high,8.3945
107554,000000107554.jpg,salt_pepper,high,7.7121
109916,000000109916.jpg,salt_pepper,high,7.7677
110359,000000110359.jpg,salt_pepper,high,10.4617
110999,000000110999.jpg,salt_pepper,high,-2.8207
111207,000000111207.jpg,salt_pepper,high,5.7115
111951,000000111951.jpg,salt_pepper,high,9.0659
113354,000000113354.jpg,salt_pepper,high,7.9872
113720,000000113720.jpg,salt_pepper,high,8.1615
114049,000000114049.jpg,salt_pepper,high,6.35
116362,000000116362.jpg,salt_pepper,high,9.5464
116589,000000116589.jpg,salt_pepper,high,7.6541
118594,000000118594.jpg,salt_pepper,high,9.8357
122166,000000122166.jpg,salt_pepper,high,10.5573
122962,000000122962.jpg,salt_pepper,high,6.6129
124975,000000124975.jpg,salt_pepper,high,9.3582
125778,000000125778.jpg,salt_pepper,high,7.2278
125806,000000125806.jpg,salt_pepper,high,7.3145
127182,000000127182.jpg,salt_pepper,high,8.4507
127394,000000127394.jpg,salt_pepper,high,6.5849
127624,000000127624.jpg,salt_pepper,high,8.5337
130826,000000130826.jpg,salt_pepper,high,9.1894
131386,000000131386.jpg,salt_pepper,high,11.5724
131556,000000131556.jpg,salt_pepper,high,11.4659
133969,000000133969.jpg,salt_pepper,high,7.8946
134886,000000134886.jpg,salt_pepper,high,10.6137
136915,000000136915.jpg,salt_pepper,high,8.5565
140439,000000140439.jpg,salt_pepper,high,11.545
140640,000000140640.jpg,salt_pepper,high,5.6711
142092,000000142092.jpg,salt_pepper,high,7.2852
142790,000000142790.jpg,salt_pepper,high,11.3303
147729,000000147729.jpg,salt_pepper,high,-0.863
148730,000000148730.jpg,salt_pepper,high,11.3039
149770,000000149770.jpg,salt_pepper,high,11.1766
151000,000000151000.jpg,salt_pepper,high,8.918
151480,000000151480.jpg,salt_pepper,high,8.1438
151820,000000151820.jpg,salt_pepper,high,7.7977
151938,000000151938.jpg,salt_pepper,high,4.5567
155051,000000155051.jpg,salt_pepper,high,-7.1133
155443,000000155443.jpg,salt_pepper,high,6.6171
157418,000000157418.jpg,salt_pepper,high,7.9172
157767,000000157767.jpg,salt_pepper,high,8.0745
158227,000000158227.jpg,salt_pepper,high,7.9845
159311,000000159311.jpg,salt_pepper,high,7.9286
160556,000000160556.jpg,salt_pepper,high,3.1905
161861,000000161861.jpg,salt_pepper,high,9.5661
161879,000000161879.jpg,salt_pepper,high,6.1378
162543,000000162543.jpg,salt_pepper,high,8.0723
162732,000000162732.jpg,salt_pepper,high,9.3971
163117,000000163117.jpg,salt_pepper,high,9.8478
163290,000000163290.jpg,salt_pepper,high,9.6752
163314,000000163314.jpg,salt_pepper,high,6.0157
163640,000000163640.jpg,salt_pepper,high,7.7615
164115,000000164115.jpg,salt_pepper,high,7.24
166287,000000166287.jpg,salt_pepper,high,7.3953
166391,000000166391.jpg,salt_pepper,high,8.8632
166509,000000166509.jpg,salt_pepper,high,5.4987
170116,000000170116.jpg,salt_pepper,high,6.5469
172648,000000172648.jpg,salt_pepper,high,8.4779
172877,000000172877.jpg,salt_pepper,high,7.3753
173057,000000173057.jpg,salt_pepper,high,9.5222
173830,000000173830.jpg,salt_pepper,high,10.8275
175443,000000175443.jpg,salt_pepper,high,3.336
176232,000000176232.jpg,salt_pepper,high,11.5942
176901,000000176901.jpg,salt_pepper,high,10.2273
177935,000000177935.jpg,salt_pepper,high,9.2229
178028,000000178028.jpg,salt_pepper,high,4.5639
179392,000000179392.jpg,salt_pepper,high,7.0522
180878,000000180878.jpg,salt_pepper,high,4.6925
181796,000000181796.jpg,salt_pepper,high,8.7046
182611,000000182611.jpg,salt_pepper,high,6.9073
185157,000000185157.jpg,salt_pepper,high,10.7944
186637,000000186637.jpg,salt_pepper,high,7.0844
186873,000000186873.jpg,salt_pepper,high,7.0712
186980,000000186980.jpg,salt_pepper,high,9.0515
187734,000000187734.jpg,salt_pepper,high,8.3417
189698,000000189698.jpg,salt_pepper,high,5.7595
189806,000000189806.jpg,salt_pepper,high,9.1415
190140,000000190140.jpg,salt_pepper,high,4.7385
190923,000000190923.jpg,salt_pepper,high,8.1501
191471,000000191471.jpg,salt_pepper,high,10.4341
191580,000000191580.jpg,salt_pepper,high,8.6513
192871,000000192871.jpg,salt_pepper,high,6.2038
194471,000000194471.jpg,salt_pepper,high,9.8046
196185,000000196185.jpg,salt_pepper,high,10.6122
200839,000000200839.jpg,salt_pepper,high,9.0487
200961,000000200961.jpg,salt_pepper,high,10.4007
202228,000000202228.jpg,salt_pepper,high,9.9258
205647,000000205647.jpg,salt_pepper,high,11.0713
206025,000000206025.jpg,salt_pepper,high,9.2121
206411,000000206411.jpg,salt_pepper,high,7.5924
206838,000000206838.jpg,salt_pepper,high,9.9982
207585,000000207585.jpg,salt_pepper,high,8.3318
209972,000000209972.jpg,salt_pepper,high,11.1502
210030,000000210030.jpg,salt_pepper,high,10.3831
210388,000000210388.jpg,salt_pepper,high,11.4248
210789,000000210789.jpg,salt_pepper,high,8.9798
211674,000000211674.jpg,salt_pepper,high,10.082
212895,000000212895.jpg,salt_pepper,high,9.8798
213035,000000213035.jpg,salt_pepper,high,4.1738
213593,000000213593.jpg,salt_pepper,high,0.8909
214192,000000214192.jpg,salt_pepper,high,8.1055
215259,000000215259.jpg,salt_pepper,high,9.9144
216296,000000216296.jpg,salt_pepper,high,8.1755
218997,000000218997.jpg,salt_pepper,high,7.3629
219440,000000219440.jpg,salt_pepper,high,7.394
220310,000000220310.jpg,salt_pepper,high,4.4862
221291,000000221291.jpg,salt_pepper,high,11.6231
222825,000000222825.jpg,salt_pepper,high,10.0066
222863,000000222863.jpg,salt_pepper,high,7.5596
223738,000000223738.jpg,salt_pepper,high,9.0249
223747,000000223747.jpg,salt_pepper,high,3.6461
224093,000000224093.jpg,salt_pepper,high,8.3173
227044,000000227044.jpg,salt_pepper,high,9.9399
227187,000000227187.jpg,salt_pepper,high,9.3046
227511,000000227511.jpg,salt_pepper,high,8.9727
227765,000000227765.jpg,salt_pepper,high,6.6959
228981,000000228981.jpg,salt_pepper,high,10.2666
229997,000000229997.jpg,salt_pepper,high,6.8224
230819,000000230819.jpg,salt_pepper,high,9.2243
231088,000000231088.jpg,salt_pepper,high,8.7659
231097,000000231097.jpg,salt_pepper,high,-0.0936
233825,000000233825.jpg,salt_pepper,high,6.9688
235057,000000235057.jpg,salt_pepper,high,6.3905
235836,000000235836.jpg,salt_pepper,high,8.5954
239347,000000239347.jpg,salt_pepper,high,7.6371
240940,000000240940.jpg,salt_pepper,high,7.7714
242287,000000242287.jpg,salt_pepper,high,9.6134
243344,000000243344.jpg,salt_pepper,high,6.8161
244379,000000244379.jpg,salt_pepper,high,9.0994
244496,000000244496.jpg,salt_pepper,high,3.5531
246883,000000246883.jpg,salt_pepper,high,11.0053
249025,000000249025.jpg,salt_pepper,high,10.0056
249129,000000249129.jpg,salt_pepper,high,7.0014
251537,000000251537.jpg,salt_pepper,high,8.5692
251824,000000251824.jpg,salt_pepper,high,8.9663
253433,000000253433.jpg,salt_pepper,high,7.1156
253452,000000253452.jpg,salt_pepper,high,8.2199
254016,000000254016.jpg,salt_pepper,high,8.6283
255401,000000255401.jpg,salt_pepper,high,10.2013
255747,000000255747.jpg,salt_pepper,high,8.8041
255824,000000255824.jpg,salt_pepper,high,10.5812
256518,000000256518.jpg,salt_pepper,high,7.4565
256916,000000256916.jpg,salt_pepper,high,7.3755
257169,000000257169.jpg,salt_pepper,high,10.1063
257478,000000257478.jpg,salt_pepper,high,8.0094
259382,000000259382.jpg,salt_pepper,high,7.808
259830,000000259830.jpg,salt_pepper,high,8.1123
260105,000000260105.jpg,salt_pepper,high,9.6784
261061,000000261061.jpg,salt_pepper,high,5.5995
262048,000000262048.jpg,salt_pepper,high,10.4423
263403,000000263403.jpg,salt_pepper,high,11.0858
265816,000000265816.jpg,salt_pepper,high,8.6343
266082,000000266082.jpg,salt_pepper,high,8.5807
267537,000000267537.jpg,salt_pepper,high,7.3568
267670,000000267670.jpg,salt_pepper,high,9.0233
269113,000000269113.jpg,salt_pepper,high,8.8519
270244,000000270244.jpg,salt_pepper,high,5.2153
270297,000000270297.jpg,salt_pepper,high,8.5984
270677,000000270677.jpg,salt_pepper,high,5.3988
273198,000000273198.jpg,salt_pepper,high,10.3484
273420,000000273420.jpg,salt_pepper,high,10.0507
273712,000000273712.jpg,salt_pepper,high,7.6479
273760,000000273760.jpg,salt_pepper,high,10.0073
275749,000000275749.jpg,salt_pepper,high,7.5292
276055,000000276055.jpg,salt_pepper,high,9.2726
277584,000000277584.jpg,salt_pepper,high,8.4272
278848,000000278848.jpg,salt_pepper,high,6.6008
279927,000000279927.jpg,salt_pepper,high,10.5164
280930,000000280930.jpg,salt_pepper,high,7.2174
282912,000000282912.jpg,salt_pepper,high,7.1175
283037,000000283037.jpg,salt_pepper,high,3.9077
286422,000000286422.jpg,salt_pepper,high,11.4117
286660,000000286660.jpg,salt_pepper,high,7.7684
287527,000000287527.jpg,salt_pepper,high,10.0587
289594,000000289594.jpg,salt_pepper,high,8.5699
289659,000000289659.jpg,salt_pepper,high,9.7579
295797,000000295797.jpg,salt_pepper,high,6.5343
295809,000000295809.jpg,salt_pepper,high,8.6612
297427,000000297427.jpg,salt_pepper,high,8.5804
306136,000000306136.jpg,salt_pepper,high,1.9199
306893,000000306893.jpg,salt_pepper,high,8.8394
307658,000000307658.jpg,salt_pepper,high,7.2517
308193,000000308193.jpg,salt_pepper,high,8.5014
308476,000000308476.jpg,salt_pepper,high,9.2534
309484,000000309484.jpg,salt_pepper,high,7.3782
314709,000000314709.jpg,salt_pepper,high,11.841
314914,000000314914.jpg,salt_pepper,high,9.2645
316666,000000316666.jpg,salt_pepper,high,1.7214
319534,000000319534.jpg,salt_pepper,high,8.3206
320490,000000320490.jpg,salt_pepper,high,6.0768
320743,000000320743.jpg,salt_pepper,high,8.4408
322724,000000322724.jpg,salt_pepper,high,10.9254
323828,000000323828.jpg,salt_pepper,high,6.6603
323895,000000323895.jpg,salt_pepper,high,9.9875
326462,000000326462.jpg,salt_pepper,high,8.9081
327601,000000327601.jpg,salt_pepper,high,7.61
328430,000000328430.jpg,salt_pepper,high,8.2213
329827,000000329827.jpg,salt_pepper,high,10.6345
330790,000000330790.jpg,salt_pepper,high,8.379
330818,000000330818.jpg,salt_pepper,high,7.9358
331317,000000331317.jpg,salt_pepper,high,7.0841
332845,000000332845.jpg,salt_pepper,high,5.224
333237,000000333237.jpg,salt_pepper,high,11.0318
335954,000000335954.jpg,salt_pepper,high,8.5707
336232,000000336232.jpg,salt_pepper,high,7.0522
338304,000000338304.jpg,salt_pepper,high,5.8965
338625,000000338625.jpg,salt_pepper,high,9.712
339823,000000339823.jpg,salt_pepper,high,8.5031
339870,000000339870.jpg,salt_pepper,high,0.4075
341058,000000341058.jpg,salt_pepper,high,8.0143
342186,000000342186.jpg,salt_pepper,high,6.5249
343466,000000343466.jpg,salt_pepper,high,6.374
346638,000000346638.jpg,salt_pepper,high,5.4289
347930,000000347930.jpg,salt_pepper,high,6.6276
348216,000000348216.jpg,salt_pepper,high,6.6877
348488,000000348488.jpg,salt_pepper,high,6.8618
348708,000000348708.jpg,salt_pepper,high,8.4263
349678,000000349678.jpg,salt_pepper,high,9.5106
350122,000000350122.jpg,salt_pepper,high,8.6396
351530,000000351530.jpg,salt_pepper,high,7.7286
352618,000000352618.jpg,salt_pepper,high,9.7351
354829,000000354829.jpg,salt_pepper,high,8.9136
356125,000000356125.jpg,salt_pepper,high,8.908
356428,000000356428.jpg,salt_pepper,high,7.6518
357060,000000357060.jpg,salt_pepper,high,7.8852
357737,000000357737.jpg,salt_pepper,high,9.6317
358923,000000358923.jpg,salt_pepper,high,7.9639
361268,000000361268.jpg,salt_pepper,high,6.6915
361571,000000361571.jpg,salt_pepper,high,9.3186
362716,000000362716.jpg,salt_pepper,high,8.2996
363784,000000363784.jpg,salt_pepper,high,6.2358
364166,000000364166.jpg,salt_pepper,high,8.6482
366141,000000366141.jpg,salt_pepper,high,9.5536
366199,000000366199.jpg,salt_pepper,high,8.7931
368456,000000368456.jpg,salt_pepper,high,9.3065
370900,000000370900.jpg,salt_pepper,high,9.2086
372577,000000372577.jpg,salt_pepper,high,9.6976
372718,000000372718.jpg,salt_pepper,high,11.9417
376206,000000376206.jpg,salt_pepper,high,10.5588
376284,000000376284.jpg,salt_pepper,high,8.0073
376478,000000376478.jpg,salt_pepper,high,7.8137
377113,000000377113.jpg,salt_pepper,high,8.6876
377239,000000377239.jpg,salt_pepper,high,10.3604
377882,000000377882.jpg,salt_pepper,high,8.1137
380913,000000380913.jpg,salt_pepper,high,6.4604
381587,000000381587.jpg,salt_pepper,high,9.6647
383621,000000383621.jpg,salt_pepper,high,10.4267
384666,000000384666.jpg,salt_pepper,high,11.8621
385719,000000385719.jpg,salt_pepper,high,7.8764
387148,000000387148.jpg,salt_pepper,high,7.447
387383,000000387383.jpg,salt_pepper,high,8.7939
388056,000000388056.jpg,salt_pepper,high,8.9171
388903,000000388903.jpg,salt_pepper,high,9.5196
393226,000000393226.jpg,salt_pepper,high,9.8291
395801,000000395801.jpg,salt_pepper,high,9.35
396205,000000396205.jpg,salt_pepper,high,8.616
396274,000000396274.jpg,salt_pepper,high,9.6847
397681,000000397681.jpg,salt_pepper,high,9.5213
399655,000000399655.jpg,salt_pepper,high,9.0067
400044,000000400044.jpg,salt_pepper,high,11.5288
400082,000000400082.jpg,salt_pepper,high,7.8626
402118,000000402118.jpg,salt_pepper,high,4.0191
402720,000000402720.jpg,salt_pepper,high,5.2805
404191,000000404191.jpg,salt_pepper,high,9.9005
404484,000000404484.jpg,salt_pepper,high,7.3807
404805,000000404805.jpg,salt_pepper,high,9.996
407825,000000407825.jpg,salt_pepper,high,9.8677
407960,000000407960.jpg,salt_pepper,high,5.8728
408830,000000408830.jpg,salt_pepper,high,7.8578
409268,000000409268.jpg,salt_pepper,high,9.7184
410487,000000410487.jpg,salt_pepper,high,9.1217
410712,000000410712.jpg,salt_pepper,high,3.304
411754,000000411754.jpg,salt_pepper,high,9.2993
411774,000000411774.jpg,salt_pepper,high,3.9155
414340,000000414340.jpg,salt_pepper,high,9.1194
414676,000000414676.jpg,salt_pepper,high,11.0667
415238,000000415238.jpg,salt_pepper,high,3.8359
415990,000000415990.jpg,salt_pepper,high,9.3672
416837,000000416837.jpg,salt_pepper,high,10.3709
418696,000000418696.jpg,salt_pepper,high,6.1786
420069,000000420069.jpg,salt_pepper,high,10.1061
420281,000000420281.jpg,salt_pepper,high,7.9069
421455,000000421455.jpg,salt_pepper,high,7.6008
424521,000000424521.jpg,salt_pepper,high,8.4384
424975,000000424975.jpg,salt_pepper,high,9.6119
426241,000000426241.jpg,salt_pepper,high,8.1224
426268,000000426268.jpg,salt_pepper,high,9.2869
426372,000000426372.jpg,salt_pepper,high,9.023
427500,000000427500.jpg,salt_pepper,high,9.2317
429718,000000429718.jpg,salt_pepper,high,9.0095
431727,000000431727.jpg,salt_pepper,high,10.962
431848,000000431848.jpg,salt_pepper,high,8.5835
435003,000000435003.jpg,salt_pepper,high,7.7539
435205,000000435205.jpg,salt_pepper,high,9.0647
435206,000000435206.jpg,salt_pepper,high,12.2179
436315,000000436315.jpg,salt_pepper,high,6.1644
436617,000000436617.jpg,salt_pepper,high,5.6745
437205,000000437205.jpg,salt_pepper,high,7.6681
437331,000000437331.jpg,salt_pepper,high,9.9385
439426,000000439426.jpg,salt_pepper,high,8.718
440336,000000440336.jpg,salt_pepper,high,5.3355
440475,000000440475.jpg,salt_pepper,high,4.4291
441442,000000441442.jpg,salt_pepper,high,7.2009
441491,000000441491.jpg,salt_pepper,high,9.0638
442456,000000442456.jpg,salt_pepper,high,9.0143
443844,000000443844.jpg,salt_pepper,high,9.8298
445602,000000445602.jpg,salt_pepper,high,10.6677
445675,000000445675.jpg,salt_pepper,high,9.6333
445846,000000445846.jpg,salt_pepper,high,9.8178
446207,000000446207.jpg,salt_pepper,high,5.1376
447313,000000447313.jpg,salt_pepper,high,7.8425
449198,000000449198.jpg,salt_pepper,high,6.2986
449996,000000449996.jpg,salt_pepper,high,11.3451
451435,000000451435.jpg,salt_pepper,high,8.1684
453001,000000453001.jpg,salt_pepper,high,6.8959
453708,000000453708.jpg,salt_pepper,high,5.2281
453981,000000453981.jpg,salt_pepper,high,8.3917
454798,000000454798.jpg,salt_pepper,high,9.2365
459195,000000459195.jpg,salt_pepper,high,8.7984
459396,000000459396.jpg,salt_pepper,high,8.737
459887,000000459887.jpg,salt_pepper,high,8.6215
462576,000000462576.jpg,salt_pepper,high,5.437
463542,000000463542.jpg,salt_pepper,high,11.5187
464476,000000464476.jpg,salt_pepper,high,7.0708
464689,000000464689.jpg,salt_pepper,high,10.0482
467315,000000467315.jpg,salt_pepper,high,8.1826
470121,000000470121.jpg,salt_pepper,high,7.6579
473118,000000473118.jpg,salt_pepper,high,7.3838
475387,000000475387.jpg,salt_pepper,high,9.1503
475904,000000475904.jpg,salt_pepper,high,6.0677
476704,000000476704.jpg,salt_pepper,high,9.5719
477623,000000477623.jpg,salt_pepper,high,10.2484
478286,000000478286.jpg,salt_pepper,high,8.6275
478721,000000478721.jpg,salt_pepper,high,10.0754
479248,000000479248.jpg,salt_pepper,high,5.9581
480936,000000480936.jpg,salt_pepper,high,8.0726
484760,000000484760.jpg,salt_pepper,high,10.8049
488075,000000488075.jpg,salt_pepper,high,9.0796
491613,000000491613.jpg,salt_pepper,high,10.3053
491683,000000491683.jpg,salt_pepper,high,7.996
492077,000000492077.jpg,salt_pepper,high,7.8071
492878,000000492878.jpg,salt_pepper,high,8.3508
492968,000000492968.jpg,salt_pepper,high,12.0309
496409,000000496409.jpg,salt_pepper,high,11.3161
496571,000000496571.jpg,salt_pepper,high,8.4688
499031,000000499031.jpg,salt_pepper,high,9.4253
499768,000000499768.jpg,salt_pepper,high,10.2971
500049,000000500049.jpg,salt_pepper,high,9.6079
502168,000000502168.jpg,salt_pepper,high,9.7792
502347,000000502347.jpg,salt_pepper,high,8.9343
504074,000000504074.jpg,salt_pepper,high,7.5077
504415,000000504415.jpg,salt_pepper,high,9.3728
507473,000000507473.jpg,salt_pepper,high,9.8618
508602,000000508602.jpg,salt_pepper,high,8.8648
512836,000000512836.jpg,salt_pepper,high,9.5141
512929,000000512929.jpg,salt_pepper,high,6.0144
514586,000000514586.jpg,salt_pepper,high,8.5236
515982,000000515982.jpg,salt_pepper,high,9.2116
516318,000000516318.jpg,salt_pepper,high,11.7209
516601,000000516601.jpg,salt_pepper,high,9.1294
516916,000000516916.jpg,salt_pepper,high,8.6058
519039,000000519039.jpg,salt_pepper,high,8.2592
522940,000000522940.jpg,salt_pepper,high,8.4762
523033,000000523033.jpg,salt_pepper,high,11.5521
524456,000000524456.jpg,salt_pepper,high,9.1732
526706,000000526706.jpg,salt_pepper,high,9.2104
527427,000000527427.jpg,salt_pepper,high,7.4871
527528,000000527528.jpg,salt_pepper,high,10.5881
528578,000000528578.jpg,salt_pepper,high,10.737
529122,000000529122.jpg,salt_pepper,high,9.2609
532058,000000532058.jpg,salt_pepper,high,10.7571
533855,000000533855.jpg,salt_pepper,high,5.0374
534601,000000534601.jpg,salt_pepper,high,9.0437
537270,000000537270.jpg,salt_pepper,high,8.2729
538067,000000538067.jpg,salt_pepper,high,10.3694
544605,000000544605.jpg,salt_pepper,high,8.15
545100,000000545100.jpg,salt_pepper,high,8.1938
545407,000000545407.jpg,salt_pepper,high,11.6637
546325,000000546325.jpg,salt_pepper,high,7.4145
546659,000000546659.jpg,salt_pepper,high,9.8346
546976,000000546976.jpg,salt_pepper,high,5.3257
547502,000000547502.jpg,salt_pepper,high,8.9308
549055,000000549055.jpg,salt_pepper,high,10.5
550349,000000550349.jpg,salt_pepper,high,9.2372
551820,000000551820.jpg,salt_pepper,high,9.1962
552883,000000552883.jpg,salt_pepper,high,9.9534
552902,000000552902.jpg,salt_pepper,high,6.1149
556000,000000556000.jpg,salt_pepper,high,5.738
559707,000000559707.jpg,salt_pepper,high,10.9378
560266,000000560266.jpg,salt_pepper,high,6.7795
560474,000000560474.jpg,salt_pepper,high,6.2646
560880,000000560880.jpg,salt_pepper,high,9.9494
564023,000000564023.jpg,salt_pepper,high,7.6352
565012,000000565012.jpg,salt_pepper,high,5.2833
565624,000000565624.jpg,salt_pepper,high,7.6955
566436,000000566436.jpg,salt_pepper,high,5.2937
567886,000000567886.jpg,salt_pepper,high,6.578
569917,000000569917.jpg,salt_pepper,high,8.8446
570688,000000570688.jpg,salt_pepper,high,10.9877
571008,000000571008.jpg,salt_pepper,high,10.3968
572388,000000572388.jpg,salt_pepper,high,7.9737
577584,000000577584.jpg,salt_pepper,high,9.3988
578871,000000578871.jpg,salt_pepper,high,7.9099
578967,000000578967.jpg,salt_pepper,high,9.0637
579158,000000579158.jpg,salt_pepper,high,8.4404
580294,000000580294.jpg,salt_pepper,high,10.326
724,000000000724.jpg,motion_blur,low,17.606
1425,000000001425.jpg,motion_blur,low,27.5962
1532,000000001532.jpg,motion_blur,low,24.5372
3255,000000003255.jpg,motion_blur,low,18.3075
3501,000000003501.jpg,motion_blur,low,25.7944
3661,000000003661.jpg,motion_blur,low,32.4382
6954,000000006954.jpg,motion_blur,low,18.7574
7795,000000007795.jpg,motion_blur,low,20.092
9914,000000009914.jpg,motion_blur,low,19.5288
10092,000000010092.jpg,motion_blur,low,21.8427
10977,000000010977.jpg,motion_blur,low,28.2914
11122,000000011122.jpg,motion_blur,low,13.0658
12280,000000012280.jpg,motion_blur,low,20.6936
15079,000000015079.jpg,motion_blur,low,23.1816
17031,000000017031.jpg,motion_blur,low,24.2208
17178,000000017178.jpg,motion_blur,low,13.9304
17905,000000017905.jpg,motion_blur,low,16.759
20247,000000020247.jpg,motion_blur,low,25.0787
21604,000000021604.jpg,motion_blur,low,18.9142
22396,000000022396.jpg,motion_blur,low,34.1698
22623,000000022623.jpg,motion_blur,low,26.5969
23126,000000023126.jpg,motion_blur,low,22.424
23781,000000023781.jpg,motion_blur,low,17.3428
24610,000000024610.jpg,motion_blur,low,22.5353
25386,000000025386.jpg,motion_blur,low,19.241
25560,000000025560.jpg,motion_blur,low,22.9839
28449,000000028449.jpg,motion_blur,low,23.6955
29984,000000029984.jpg,motion_blur,low,25.7012
30494,000000030494.jpg,motion_blur,low,14.9395
31217,000000031217.jpg,motion_blur,low,17.8037
31248,000000031248.jpg,motion_blur,low,18.0406
31620,000000031620.jpg,motion_blur,low,27.422
32081,000000032081.jpg,motion_blur,low,18.0448
32570,000000032570.jpg,motion_blur,low,23.8155
32817,000000032817.jpg,motion_blur,low,25.2504
32901,000000032901.jpg,motion_blur,low,21.2428
33109,000000033109.jpg,motion_blur,low,18.2563
37670,000000037670.jpg,motion_blur,low,27.9148
38678,000000038678.jpg,motion_blur,low,28.1758
39405,000000039405.jpg,motion_blur,low,12.4695
42178,000000042178.jpg,motion_blur,low,16.7014
42296,000000042296.jpg,motion_blur,low,19.5089
43314,000000043314.jpg,motion_blur,low,18.261
44652,000000044652.jpg,motion_blur,low,27.6495
51598,000000051598.jpg,motion_blur,low,32.9147
51976,000000051976.jpg,motion_blur,low,28.351
52017,000000052017.jpg,motion_blur,low,28.8338
52413,000000052413.jpg,motion_blur,low,20.7359
53505,000000053505.jpg,motion_blur,low,27.5228
53909,000000053909.jpg,motion_blur,low,29.0962
54592,000000054592.jpg,motion_blur,low,24.3696
60507,000000060507.jpg,motion_blur,low,22.049
60899,000000060899.jpg,motion_blur,low,21.1922
63047,000000063047.jpg,motion_blur,low,13.2276
64084,000000064084.jpg,motion_blur,low,24.349
66231,000000066231.jpg,motion_blur,low,15.7319
66886,000000066886.jpg,motion_blur,low,26.3139
67406,000000067406.jpg,motion_blur,low,27.6911
67616,000000067616.jpg,motion_blur,low,16.8797
69138,000000069138.jpg,motion_blur,low,17.5851
74092,000000074092.jpg,motion_blur,low,13.3141
74200,000000074200.jpg,motion_blur,low,18.5748
76547,000000076547.jpg,motion_blur,low,19.0056
76625,000000076625.jpg,motion_blur,low,24.4225
79014,000000079014.jpg,motion_blur,low,33.7901
79144,000000079144.jpg,motion_blur,low,15.7642
80659,000000080659.jpg,motion_blur,low,20.2077
81594,000000081594.jpg,motion_blur,low,19.1615
84031,000000084031.jpg,motion_blur,low,16.332
84431,000000084431.jpg,motion_blur,low,28.4369
85665,000000085665.jpg,motion_blur,low,30.3983
86956,000000086956.jpg,motion_blur,low,22.4092
87476,000000087476.jpg,motion_blur,low,18.4493
89078,000000089078.jpg,motion_blur,low,25.4142
90208,000000090208.jpg,motion_blur,low,15.6578
90631,000000090631.jpg,motion_blur,low,34.4151
91615,000000091615.jpg,motion_blur,low,20.8593
91654,000000091654.jpg,motion_blur,low,26.5775
92053,000000092053.jpg,motion_blur,low,19.456
94871,000000094871.jpg,motion_blur,low,17.3893
95899,000000095899.jpg,motion_blur,low,20.751
96001,000000096001.jpg,motion_blur,low,19.8793
99054,000000099054.jpg,motion_blur,low,18.4031
100274,000000100274.jpg,motion_blur,low,17.8085
100510,000000100510.jpg,motion_blur,low,18.3633
101068,000000101068.jpg,motion_blur,low,21.4005
101762,000000101762.jpg,motion_blur,low,19.633
102707,000000102707.jpg,motion_blur,low,21.1997
102820,000000102820.jpg,motion_blur,low,18.0577
104619,000000104619.jpg,motion_blur,low,15.9697
105335,000000105335.jpg,motion_blur,low,31.6804
106389,000000106389.jpg,motion_blur,low,20.6089
106912,000000106912.jpg,motion_blur,low,23.9941
107226,000000107226.jpg,motion_blur,low,24.0322
107554,000000107554.jpg,motion_blur,low,12.4599
109916,000000109916.jpg,motion_blur,low,26.2435
110359,000000110359.jpg,motion_blur,low,35.3269
110999,000000110999.jpg,motion_blur,low,14.9586
111207,000000111207.jpg,motion_blur,low,18.0089
111951,000000111951.jpg,motion_blur,low,25.571
113354,000000113354.jpg,motion_blur,low,16.032
113720,000000113720.jpg,motion_blur,low,22.98
114049,000000114049.jpg,motion_blur,low,18.2585
116362,000000116362.jpg,motion_blur,low,27.7638
116589,000000116589.jpg,motion_blur,low,15.689
118594,000000118594.jpg,motion_blur,low,22.6035
122166,000000122166.jpg,motion_blur,low,17.147
122962,000000122962.jpg,motion_blur,low,16.5451
124975,000000124975.jpg,motion_blur,low,16.3438
125778,000000125778.jpg,motion_blur,low,19.108
125806,000000125806.jpg,motion_blur,low,15.9731
127182,000000127182.jpg,motion_blur,low,22.3893
127394,000000127394.jpg,motion_blur,low,16.7408
127624,000000127624.jpg,motion_blur,low,24.9278
130826,000000130826.jpg,motion_blur,low,18.5646
131386,000000131386.jpg,motion_blur,low,26.8852
131556,000000131556.jpg,motion_blur,low,22.2734
133969,000000133969.jpg,motion_blur,low,19.1856
134886,000000134886.jpg,motion_blur,low,27.1265
136915,000000136915.jpg,motion_blur,low,20.7563
140439,000000140439.jpg,motion_blur,low,24.0743
140640,000000140640.jpg,motion_blur,low,15.7429
142092,000000142092.jpg,motion_blur,low,18.4883
142790,000000142790.jpg,motion_blur,low,25.6804
147729,000000147729.jpg,motion_blur,low,17.4941
148730,000000148730.jpg,motion_blur,low,23.9256
149770,000000149770.jpg,motion_blur,low,26.6793
151000,000000151000.jpg,motion_blur,low,19.3236
151480,000000151480.jpg,motion_blur,low,20.7296
151820,000000151820.jpg,motion_blur,low,20.5398
151938,000000151938.jpg,motion_blur,low,19.9899
155051,000000155051.jpg,motion_blur,low,20.7388
155443,000000155443.jpg,motion_blur,low,15.3025
157418,000000157418.jpg,motion_blur,low,23.5843
157767,000000157767.jpg,motion_blur,low,19.8008
158227,000000158227.jpg,motion_blur,low,22.9402
159311,000000159311.jpg,motion_blur,low,13.8702
160556,000000160556.jpg,motion_blur,low,17.1643
161861,000000161861.jpg,motion_blur,low,36.662
161879,000000161879.jpg,motion_blur,low,18.4302
162543,000000162543.jpg,motion_blur,low,17.2216
162732,000000162732.jpg,motion_blur,low,20.2789
163117,000000163117.jpg,motion_blur,low,21.3904
163290,000000163290.jpg,motion_blur,low,19.0179
163314,000000163314.jpg,motion_blur,low,18.0172
163640,000000163640.jpg,motion_blur,low,16.0494
164115,000000164115.jpg,motion_blur,low,15.0217
166287,000000166287.jpg,motion_blur,low,25.0647
166391,000000166391.jpg,motion_blur,low,25.2768
166509,000000166509.jpg,motion_blur,low,11.902
170116,000000170116.jpg,motion_blur,low,21.2462
172648,000000172648.jpg,motion_blur,low,17.1099
172877,000000172877.jpg,motion_blur,low,25.3285
173057,000000173057.jpg,motion_blur,low,18.4596
173830,000000173830.jpg,motion_blur,low,30.2583
175443,000000175443.jpg,motion_blur,low,16.7444
176232,000000176232.jpg,motion_blur,low,22.6391
176901,000000176901.jpg,motion_blur,low,22.107
177935,000000177935.jpg,motion_blur,low,20.4841
178028,000000178028.jpg,motion_blur,low,18.7312
179392,000000179392.jpg,motion_blur,low,27.4016
180878,000000180878.jpg,motion_blur,low,19.2861
181796,000000181796.jpg,motion_blur,low,20.0737
182611,000000182611.jpg,motion_blur,low,19.8913
185157,000000185157.jpg,motion_blur,low,23.9032
186637,000000186637.jpg,motion_blur,low,8.9199
186873,000000186873.jpg,motion_blur,low,25.2588
186980,000000186980.jpg,motion_blur,low,21.108
187734,000000187734.jpg,motion_blur,low,17.5016
189698,000000189698.jpg,motion_blur,low,19.7759
189806,000000189806.jpg,motion_blur,low,21.1644
190140,000000190140.jpg,motion_blur,low,16.5918
190923,000000190923.jpg,motion_blur,low,17.9027
191471,000000191471.jpg,motion_blur,low,18.8599
191580,000000191580.jpg,motion_blur,low,19.8936
192871,000000192871.jpg,motion_blur,low,23.3228
194471,000000194471.jpg,motion_blur,low,21.1755
196185,000000196185.jpg,motion_blur,low,28.3001
200839,000000200839.jpg,motion_blur,low,12.5079
200961,000000200961.jpg,motion_blur,low,23.1952
202228,000000202228.jpg,motion_blur,low,31.9166
205647,000000205647.jpg,motion_blur,low,22.3805
206025,000000206025.jpg,motion_blur,low,24.0062
206411,000000206411.jpg,motion_blur,low,27.9099
206838,000000206838.jpg,motion_blur,low,28.3816
207585,000000207585.jpg,motion_blur,low,17.5985
209972,000000209972.jpg,motion_blur,low,27.0614
210030,000000210030.jpg,motion_blur,low,28.2138
210388,000000210388.jpg,motion_blur,low,24.7735
210789,000000210789.jpg,motion_blur,low,20.4291
211674,000000211674.jpg,motion_blur,low,20.7634
212895,000000212895.jpg,motion_blur,low,23.8965
213035,000000213035.jpg,motion_blur,low,21.7175
213593,000000213593.jpg,motion_blur,low,18.7633
214192,000000214192.jpg,motion_blur,low,19.6452
215259,000000215259.jpg,motion_blur,low,25.2768
216296,000000216296.jpg,motion_blur,low,22.8646
218997,000000218997.jpg,motion_blur,low,15.8701
219440,000000219440.jpg,motion_blur,low,22.5616
220310,000000220310.jpg,motion_blur,low,17.3799
221291,000000221291.jpg,motion_blur,low,28.3449
222825,000000222825.jpg,motion_blur,low,26.757
222863,000000222863.jpg,motion_blur,low,15.1525
223738,000000223738.jpg,motion_blur,low,21.0793
223747,000000223747.jpg,motion_blur,low,22.4721
224093,000000224093.jpg,motion_blur,low,17.7882
227044,000000227044.jpg,motion_blur,low,27.0198
227187,000000227187.jpg,motion_blur,low,20.7543
227511,000000227511.jpg,motion_blur,low,16.4738
227765,000000227765.jpg,motion_blur,low,19.9215
228981,000000228981.jpg,motion_blur,low,23.521
229997,000000229997.jpg,motion_blur,low,13.9968
230819,000000230819.jpg,motion_blur,low,23.2612
231088,000000231088.jpg,motion_blur,low,18.7884
231097,000000231097.jpg,motion_blur,low,18.6843
233825,000000233825.jpg,motion_blur,low,17.9748
235057,000000235057.jpg,motion_blur,low,18.466
235836,000000235836.jpg,motion_blur,low,14.2914
239347,000000239347.jpg,motion_blur,low,21.6599
240940,000000240940.jpg,motion_blur,low,16.6862
242287,000000242287.jpg,motion_blur,low,18.735
243344,000000243344.jpg,motion_blur,low,22.4248
244379,000000244379.jpg,motion_blur,low,23.6087
244496,000000244496.jpg,motion_blur,low,19.8782
246883,000000246883.jpg,motion_blur,low,27.666
249025,000000249025.jpg,motion_blur,low,29.1168
249129,000000249129.jpg,motion_blur,low,18.7131
251537,000000251537.jpg,motion_blur,low,27.1438
251824,000000251824.jpg,motion_blur,low,22.1546
253433,000000253433.jpg,motion_blur,low,21.898
253452,000000253452.jpg,motion_blur,low,25.6952
254016,000000254016.jpg,motion_blur,low,22.538
255401,000000255401.jpg,motion_blur,low,23.7582
255747,000000255747.jpg,motion_blur,low,25.7792
255824,000000255824.jpg,motion_blur,low,29.1916
256518,000000256518.jpg,motion_blur,low,21.4742
256916,000000256916.jpg,motion_blur,low,20.0865
257169,000000257169.jpg,motion_blur,low,32.8451
257478,000000257478.jpg,motion_blur,low,22.1266
259382,000000259382.jpg,motion_blur,low,18.3352
259830,000000259830.jpg,motion_blur,low,14.2366
260105,000000260105.jpg,motion_blur,low,24.2442
261061,000000261061.jpg,motion_blur,low,20.9684
262048,000000262048.jpg,motion_blur,low,26.7219
263403,000000263403.jpg,motion_blur,low,21.0599
265816,000000265816.jpg,motion_blur,low,17.2829
266082,000000266082.jpg,motion_blur,low,18.838
267537,000000267537.jpg,motion_blur,low,17.4523
267670,000000267670.jpg,motion_blur,low,30.9555
269113,000000269113.jpg,motion_blur,low,11.6203
270244,000000270244.jpg,motion_blur,low,17.8017
270297,000000270297.jpg,motion_blur,low,13.9278
270677,000000270677.jpg,motion_blur,low,10.8631
273198,000000273198.jpg,motion_blur,low,19.6203
273420,000000273420.jpg,motion_blur,low,27.5111
273712,000000273712.jpg,motion_blur,low,21.5135
273760,000000273760.jpg,motion_blur,low,23.6904
275749,000000275749.jpg,motion_blur,low,21.1346
276055,000000276055.jpg,motion_blur,low,20.8485
277584,000000277584.jpg,motion_blur,low,17.0282
278848,000000278848.jpg,motion_blur,low,21.7922
279927,000000279927.jpg,motion_blur,low,17.444
280930,000000280930.jpg,motion_blur,low,17.4366
282912,000000282912.jpg,motion_blur,low,21.6951
283037,000000283037.jpg,motion_blur,low,16.8489
286422,000000286422.jpg,motion_blur,low,22.8159
286660,000000286660.jpg,motion_blur,low,19.9708
287527,000000287527.jpg,motion_blur,low,28.9271
289594,000000289594.jpg,motion_blur,low,15.4113
289659,000000289659.jpg,motion_blur,low,13.9376
295797,000000295797.jpg,motion_blur,low,17.5099
295809,000000295809.jpg,motion_blur,low,16.4547
297427,000000297427.jpg,motion_blur,low,28.5272
306136,000000306136.jpg,motion_blur,low,16.4812
306893,000000306893.jpg,motion_blur,low,17.9532
307658,000000307658.jpg,motion_blur,low,18.6275
308193,000000308193.jpg,motion_blur,low,28.2289
308476,000000308476.jpg,motion_blur,low,20.6533
309484,000000309484.jpg,motion_blur,low,24.6562
314709,000000314709.jpg,motion_blur,low,30.839
314914,000000314914.jpg,motion_blur,low,13.3528
316666,000000316666.jpg,motion_blur,low,12.1618
319534,000000319534.jpg,motion_blur,low,20.9564
320490,000000320490.jpg,motion_blur,low,24.9976
320743,000000320743.jpg,motion_blur,low,18.2452
322724,000000322724.jpg,motion_blur,low,23.0134
323828,000000323828.jpg,motion_blur,low,11.846
323895,000000323895.jpg,motion_blur,low,24.7255
326462,000000326462.jpg,motion_blur,low,27.2351
327601,000000327601.jpg,motion_blur,low,20.0374
328430,000000328430.jpg,motion_blur,low,19.9957
329827,000000329827.jpg,motion_blur,low,27.9246
330790,000000330790.jpg,motion_blur,low,18.7726
330818,000000330818.jpg,motion_blur,low,15.1009
331317,000000331317.jpg,motion_blur,low,12.9752
332845,000000332845.jpg,motion_blur,low,24.3473
333237,000000333237.jpg,motion_blur,low,21.6098
335954,000000335954.jpg,motion_blur,low,22.5728
336232,000000336232.jpg,motion_blur,low,17.1232
338304,000000338304.jpg,motion_blur,low,16.7858
338625,000000338625.jpg,motion_blur,low,18.309
339823,000000339823.jpg,motion_blur,low,17.9901
339870,000000339870.jpg,motion_blur,low,14.2661
341058,000000341058.jpg,motion_blur,low,16.7742
342186,000000342186.jpg,motion_blur,low,22.0681
343466,000000343466.jpg,motion_blur,low,23.7128
346638,000000346638.jpg,motion_blur,low,20.5578
347930,000000347930.jpg,motion_blur,low,20.5211
348216,000000348216.jpg,motion_blur,low,25.0228
348488,000000348488.jpg,motion_blur,low,20.4675
348708,000000348708.jpg,motion_blur,low,24.2106
349678,000000349678.jpg,motion_blur,low,17.6724
350122,000000350122.jpg,motion_blur,low,17.5162
351530,000000351530.jpg,motion_blur,low,17.6005
352618,000000352618.jpg,motion_blur,low,30.8361
354829,000000354829.jpg,motion_blur,low,24.0169
356125,000000356125.jpg,motion_blur,low,22.3466
356428,000000356428.jpg,motion_blur,low,14.1613
357060,000000357060.jpg,motion_blur,low,25.313
357737,000000357737.jpg,motion_blur,low,16.0963
358923,000000358923.jpg,motion_blur,low,21.833
361268,000000361268.jpg,motion_blur,low,15.5067
361571,000000361571.jpg,motion_blur,low,26.6231
362716,000000362716.jpg,motion_blur,low,22.704
363784,000000363784.jpg,motion_blur,low,23.6104
364166,000000364166.jpg,motion_blur,low,20.4237
366141,000000366141.jpg,motion_blur,low,25.5205
366199,000000366199.jpg,motion_blur,low,31.0863
368456,000000368456.jpg,motion_blur,low,17.4845
370900,000000370900.jpg,motion_blur,low,23.7825
372577,000000372577.jpg,motion_blur,low,20.7197
372718,000000372718.jpg,motion_blur,low,22.7152
376206,000000376206.jpg,motion_blur,low,28.3717
376284,000000376284.jpg,motion_blur,low,18.6551
376478,000000376478.jpg,motion_blur,low,18.4732
377113,000000377113.jpg,motion_blur,low,19.1355
377239,000000377239.jpg,motion_blur,low,26.5646
377882,000000377882.jpg,motion_blur,low,15.3872
380913,000000380913.jpg,motion_blur,low,17.0205
381587,000000381587.jpg,motion_blur,low,18.3604
383621,000000383621.jpg,motion_blur,low,31.4249
384666,000000384666.jpg,motion_blur,low,20.5344
385719,000000385719.jpg,motion_blur,low,15.5531
387148,000000387148.jpg,motion_blur,low,16.2445
387383,000000387383.jpg,motion_blur,low,26.4568
388056,000000388056.jpg,motion_blur,low,17.0681
388903,000000388903.jpg,motion_blur,low,22.1991
393226,000000393226.jpg,motion_blur,low,17.1814
395801,000000395801.jpg,motion_blur,low,21.9077
396205,000000396205.jpg,motion_blur,low,25.0329
396274,000000396274.jpg,motion_blur,low,18.4856
397681,000000397681.jpg,motion_blur,low,16.4127
399655,000000399655.jpg,motion_blur,low,25.171
400044,000000400044.jpg,motion_blur,low,26.7822
400082,000000400082.jpg,motion_blur,low,15.3022
402118,000000402118.jpg,motion_blur,low,20.1365
402720,000000402720.jpg,motion_blur,low,22.9696
404191,000000404191.jpg,motion_blur,low,22.2207
404484,000000404484.jpg,motion_blur,low,19.0815
404805,000000404805.jpg,motion_blur,low,22.987
407825,000000407825.jpg,motion_blur,low,27.33
407960,000000407960.jpg,motion_blur,low,21.3811
408830,000000408830.jpg,motion_blur,low,15.7868
409268,000000409268.jpg,motion_blur,low,18.2722
410487,000000410487.jpg,motion_blur,low,18.0784
410712,000000410712.jpg,motion_blur,low,16.8291
411754,000000411754.jpg,motion_blur,low,26.0049
411774,000000411774.jpg,motion_blur,low,21.2941
414340,000000414340.jpg,motion_blur,low,20.3811
414676,000000414676.jpg,motion_blur,low,20.669
415238,000000415238.jpg,motion_blur,low,19.795
415990,000000415990.jpg,motion_blur,low,21.5031
416837,000000416837.jpg,motion_blur,low,16.8419
418696,000000418696.jpg,motion_blur,low,20.0543
420069,000000420069.jpg,motion_blur,low,18.7535
420281,000000420281.jpg,motion_blur,low,26.1319
421455,000000421455.jpg,motion_blur,low,18.8886
424521,000000424521.jpg,motion_blur,low,16.897
424975,000000424975.jpg,motion_blur,low,18.5497
426241,000000426241.jpg,motion_blur,low,24.501
426268,000000426268.jpg,motion_blur,low,18.4014
426372,000000426372.jpg,motion_blur,low,18.7026
427500,000000427500.jpg,motion_blur,low,15.0887
429718,000000429718.jpg,motion_blur,low,20.0687
431727,000000431727.jpg,motion_blur,low,18.5746
431848,000000431848.jpg,motion_blur,low,22.1109
435003,000000435003.jpg,motion_blur,low,17.2136
435205,000000435205.jpg,motion_blur,low,26.3748
435206,000000435206.jpg,motion_blur,low,27.5928
436315,000000436315.jpg,motion_blur,low,17.7955
436617,000000436617.jpg,motion_blur,low,17.165
437205,000000437205.jpg,motion_blur,low,26.5007
437331,000000437331.jpg,motion_blur,low,18.648
439426,000000439426.jpg,motion_blur,low,19.2494
440336,000000440336.jpg,motion_blur,low,17.0498
440475,000000440475.jpg,motion_blur,low,15.4348
441442,000000441442.jpg,motion_blur,low,17.6141
441491,000000441491.jpg,motion_blur,low,28.7834
442456,000000442456.jpg,motion_blur,low,17.7095
443844,000000443844.jpg,motion_blur,low,18.9338
445602,000000445602.jpg,motion_blur,low,23.7375
445675,000000445675.jpg,motion_blur,low,21.5885
445846,000000445846.jpg,motion_blur,low,24.881
446207,000000446207.jpg,motion_blur,low,18.4354
447313,000000447313.jpg,motion_blur,low,13.9144
449198,000000449198.jpg,motion_blur,low,17.0942
449996,000000449996.jpg,motion_blur,low,23.1961
451435,000000451435.jpg,motion_blur,low,24.1507
453001,000000453001.jpg,motion_blur,low,15.0781
453708,000000453708.jpg,motion_blur,low,23.1953
453981,000000453981.jpg,motion_blur,low,19.0035
454798,000000454798.jpg,motion_blur,low,22.1061
459195,000000459195.jpg,motion_blur,low,14.0364
459396,000000459396.jpg,motion_blur,low,21.9644
459887,000000459887.jpg,motion_blur,low,21.2118
462576,000000462576.jpg,motion_blur,low,23.4101
463542,000000463542.jpg,motion_blur,low,24.1789
464476,000000464476.jpg,motion_blur,low,17.9454
464689,000000464689.jpg,motion_blur,low,24.2402
467315,000000467315.jpg,motion_blur,low,20.9318
470121,000000470121.jpg,motion_blur,low,22.5002
473118,000000473118.jpg,motion_blur,low,20.9791
475387,000000475387.jpg,motion_blur,low,17.0853
475904,000000475904.jpg,motion_blur,low,11.8331
476704,000000476704.jpg,motion_blur,low,19.182
477623,000000477623.jpg,motion_blur,low,20.0204
478286,000000478286.jpg,motion_blur,low,30.9072
478721,000000478721.jpg,motion_blur,low,18.9491
479248,000000479248.jpg,motion_blur,low,18.7571
480936,000000480936.jpg,motion_blur,low,19.8368
484760,000000484760.jpg,motion_blur,low,22.3805
488075,000000488075.jpg,motion_blur,low,24.2982
491613,000000491613.jpg,motion_blur,low,19.2609
491683,000000491683.jpg,motion_blur,low,20.9026
492077,000000492077.jpg,motion_blur,low,17.274
492878,000000492878.jpg,motion_blur,low,18.8905
492968,000000492968.jpg,motion_blur,low,26.6386
496409,000000496409.jpg,motion_blur,low,40.2377
496571,000000496571.jpg,motion_blur,low,20.0567
499031,000000499031.jpg,motion_blur,low,20.1518
499768,000000499768.jpg,motion_blur,low,16.9416
500049,000000500049.jpg,motion_blur,low,20.2248
502168,000000502168.jpg,motion_blur,low,17.945
502347,000000502347.jpg,motion_blur,low,19.888
504074,000000504074.jpg,motion_blur,low,20.5178
504415,000000504415.jpg,motion_blur,low,19.1091
507473,000000507473.jpg,motion_blur,low,24.7834
508602,000000508602.jpg,motion_blur,low,19.9538
512836,000000512836.jpg,motion_blur,low,25.6603
512929,000000512929.jpg,motion_blur,low,20.7639
514586,000000514586.jpg,motion_blur,low,22.3104
515982,000000515982.jpg,motion_blur,low,17.696
516318,000000516318.jpg,motion_blur,low,27.3703
516601,000000516601.jpg,motion_blur,low,20.8895
516916,000000516916.jpg,motion_blur,low,20.2245
519039,000000519039.jpg,motion_blur,low,17.9158
522940,000000522940.jpg,motion_blur,low,28.5281
523033,000000523033.jpg,motion_blur,low,22.8138
524456,000000524456.jpg,motion_blur,low,21.635
526706,000000526706.jpg,motion_blur,low,20.8094
527427,000000527427.jpg,motion_blur,low,17.79
527528,000000527528.jpg,motion_blur,low,25.6634
528578,000000528578.jpg,motion_blur,low,21.0989
529122,000000529122.jpg,motion_blur,low,16.2277
532058,000000532058.jpg,motion_blur,low,28.9611
533855,000000533855.jpg,motion_blur,low,20.2867
534601,000000534601.jpg,motion_blur,low,30.841
537270,000000537270.jpg,motion_blur,low,23.2626
538067,000000538067.jpg,motion_blur,low,24.4598
544605,000000544605.jpg,motion_blur,low,14.3243
545100,000000545100.jpg,motion_blur,low,16.0141
545407,000000545407.jpg,motion_blur,low,31.6742
546325,000000546325.jpg,motion_blur,low,22.731
546659,000000546659.jpg,motion_blur,low,18.1
546976,000000546976.jpg,motion_blur,low,19.1069
547502,000000547502.jpg,motion_blur,low,16.3739
549055,000000549055.jpg,motion_blur,low,22.3724
550349,000000550349.jpg,motion_blur,low,19.631
551820,000000551820.jpg,motion_blur,low,21.7278
552883,000000552883.jpg,motion_blur,low,27.6595
552902,000000552902.jpg,motion_blur,low,13.6554
556000,000000556000.jpg,motion_blur,low,13.1092
559707,000000559707.jpg,motion_blur,low,25.1103
560266,000000560266.jpg,motion_blur,low,16.5985
560474,000000560474.jpg,motion_blur,low,15.3124
560880,000000560880.jpg,motion_blur,low,22.3904
564023,000000564023.jpg,motion_blur,low,22.4553
565012,000000565012.jpg,motion_blur,low,15.4805
565624,000000565624.jpg,motion_blur,low,16.8549
566436,000000566436.jpg,motion_blur,low,18.1924
567886,000000567886.jpg,motion_blur,low,22.4082
569917,000000569917.jpg,motion_blur,low,25.1134
570688,000000570688.jpg,motion_blur,low,18.3557
571008,000000571008.jpg,motion_blur,low,26.1759
572388,000000572388.jpg,motion_blur,low,28.7065
577584,000000577584.jpg,motion_blur,low,22.73
578871,000000578871.jpg,motion_blur,low,20.1365
578967,000000578967.jpg,motion_blur,low,16.1956
579158,000000579158.jpg,motion_blur,low,18.5521
580294,000000580294.jpg,motion_blur,low,23.9757
724,000000000724.jpg,motion_blur,med,15.2961
1425,000000001425.jpg,motion_blur,med,22.7249
1532,000000001532.jpg,motion_blur,med,20.4247
3255,000000003255.jpg,motion_blur,med,16.3511
3501,000000003501.jpg,motion_blur,med,21.5733
3661,000000003661.jpg,motion_blur,med,26.3528
6954,000000006954.jpg,motion_blur,med,16.1138
7795,000000007795.jpg,motion_blur,med,17.8841
9914,000000009914.jpg,motion_blur,med,16.4718
10092,000000010092.jpg,motion_blur,med,20.5029
10977,000000010977.jpg,motion_blur,med,25.0883
11122,000000011122.jpg,motion_blur,med,11.579
12280,000000012280.jpg,motion_blur,med,16.9352
15079,000000015079.jpg,motion_blur,med,18.5382
17031,000000017031.jpg,motion_blur,med,19.2035
17178,000000017178.jpg,motion_blur,med,12.421
17905,000000017905.jpg,motion_blur,med,14.2378
20247,000000020247.jpg,motion_blur,med,21.9289
21604,000000021604.jpg,motion_blur,med,15.1193
22396,000000022396.jpg,motion_blur,med,30.2622
22623,000000022623.jpg,motion_blur,med,22.4072
23126,000000023126.jpg,motion_blur,med,18.5721
23781,000000023781.jpg,motion_blur,med,13.3708
24610,000000024610.jpg,motion_blur,med,18.4124
25386,000000025386.jpg,motion_blur,med,16.2843
25560,000000025560.jpg,motion_blur,med,17.2252
28449,000000028449.jpg,motion_blur,med,19.4559
29984,000000029984.jpg,motion_blur,med,21.5886
30494,000000030494.jpg,motion_blur,med,13.3231
31217,000000031217.jpg,motion_blur,med,16.3863
31248,000000031248.jpg,motion_blur,med,16.4391
31620,000000031620.jpg,motion_blur,med,23.5792
32081,000000032081.jpg,motion_blur,med,16.9506
32570,000000032570.jpg,motion_blur,med,21.3343
32817,000000032817.jpg,motion_blur,med,21.5276
32901,000000032901.jpg,motion_blur,med,18.6943
33109,000000033109.jpg,motion_blur,med,16.1043
37670,000000037670.jpg,motion_blur,med,23.0932
38678,000000038678.jpg,motion_blur,med,23.8133
39405,000000039405.jpg,motion_blur,med,10.8197
42178,000000042178.jpg,motion_blur,med,15.0885
42296,000000042296.jpg,motion_blur,med,18.0186
43314,000000043314.jpg,motion_blur,med,15.0118
44652,000000044652.jpg,motion_blur,med,25.4241
51598,000000051598.jpg,motion_blur,med,27.6946
51976,000000051976.jpg,motion_blur,med,21.014
52017,000000052017.jpg,motion_blur,med,24.7848
52413,000000052413.jpg,motion_blur,med,16.884
53505,000000053505.jpg,motion_blur,med,23.2424
53909,000000053909.jpg,motion_blur,med,23.7948
54592,000000054592.jpg,motion_blur,med,20.0456
60507,000000060507.jpg,motion_blur,med,18.064
60899,000000060899.jpg,motion_blur,med,18.4012
63047,000000063047.jpg,motion_blur,med,11.7508
64084,000000064084.jpg,motion_blur,med,21.0083
66231,000000066231.jpg,motion_blur,med,12.0318
66886,000000066886.jpg,motion_blur,med,22.7829
67406,000000067406.jpg,motion_blur,med,25.1848
67616,000000067616.jpg,motion_blur,med,14.7502
69138,000000069138.jpg,motion_blur,med,15.4568
74092,000000074092.jpg,motion_blur,med,11.8565
74200,000000074200.jpg,motion_blur,med,16.0758
76547,000000076547.jpg,motion_blur,med,15.6348
76625,000000076625.jpg,motion_blur,med,20.8885
79014,000000079014.jpg,motion_blur,med,28.5453
79144,000000079144.jpg,motion_blur,med,13.2314
80659,000000080659.jpg,motion_blur,med,17.4389
81594,000000081594.jpg,motion_blur,med,16.5967
84031,000000084031.jpg,motion_blur,med,12.797
84431,000000084431.jpg,motion_blur,med,24.6623
85665,000000085665.jpg,motion_blur,med,26.1757
86956,000000086956.jpg,motion_blur,med,18.5665
87476,000000087476.jpg,motion_blur,med,15.0201
89078,000000089078.jpg,motion_blur,med,20.687
90208,000000090208.jpg,motion_blur,med,12.7311
90631,000000090631.jpg,motion_blur,med,26.766
91615,000000091615.jpg,motion_blur,med,17.5091
91654,000000091654.jpg,motion_blur,med,23.6377
92053,000000092053.jpg,motion_blur,med,14.2768
94871,000000094871.jpg,motion_blur,med,15.9278
95899,000000095899.jpg,motion_blur,med,18.1366
96001,000000096001.jpg,motion_blur,med,17.7992
99054,000000099054.jpg,motion_blur,med,15.6662
100274,000000100274.jpg,motion_blur,med,15.9948
100510,000000100510.jpg,motion_blur,med,15.0376
101068,000000101068.jpg,motion_blur,med,18.6783
101762,000000101762.jpg,motion_blur,med,17.4242
102707,000000102707.jpg,motion_blur,med,17.3411
102820,000000102820.jpg,motion_blur,med,14.5438
104619,000000104619.jpg,motion_blur,med,15.0487
105335,000000105335.jpg,motion_blur,med,27.1648
106389,000000106389.jpg,motion_blur,med,18.476
106912,000000106912.jpg,motion_blur,med,22.8621
107226,000000107226.jpg,motion_blur,med,21.3318
107554,000000107554.jpg,motion_blur,med,11.3337
109916,000000109916.jpg,motion_blur,med,20.7692
110359,000000110359.jpg,motion_blur,med,30.5808
110999,000000110999.jpg,motion_blur,med,12.4811
111207,000000111207.jpg,motion_blur,med,15.0609
111951,000000111951.jpg,motion_blur,med,21.8779
113354,000000113354.jpg,motion_blur,med,13.8007
113720,000000113720.jpg,motion_blur,med,20.1962
114049,000000114049.jpg,motion_blur,med,13.42
116362,000000116362.jpg,motion_blur,med,23.1569
116589,000000116589.jpg,motion_blur,med,12.1757
118594,000000118594.jpg,motion_blur,med,20.6913
122166,000000122166.jpg,motion_blur,med,15.2813
122962,000000122962.jpg,motion_blur,med,13.8433
124975,000000124975.jpg,motion_blur,med,13.5752
125778,000000125778.jpg,motion_blur,med,16.3452
125806,000000125806.jpg,motion_blur,med,13.0768
127182,000000127182.jpg,motion_blur,med,19.8307
127394,000000127394.jpg,motion_blur,med,13.7908
127624,000000127624.jpg,motion_blur,med,21.7683
130826,000000130826.jpg,motion_blur,med,15.5361
131386,000000131386.jpg,motion_blur,med,23.9588
131556,000000131556.jpg,motion_blur,med,19.3583
133969,000000133969.jpg,motion_blur,med,15.1988
134886,000000134886.jpg,motion_blur,med,24.9077
136915,000000136915.jpg,motion_blur,med,17.9772
140439,000000140439.jpg,motion_blur,med,21.5778
140640,000000140640.jpg,motion_blur,med,12.9684
142092,000000142092.jpg,motion_blur,med,15.0833
142790,000000142790.jpg,motion_blur,med,21.8545
147729,000000147729.jpg,motion_blur,med,14.6308
148730,000000148730.jpg,motion_blur,med,23.4166
149770,000000149770.jpg,motion_blur,med,23.1687
151000,000000151000.jpg,motion_blur,med,15.3018
151480,000000151480.jpg,motion_blur,med,16.9636
151820,000000151820.jpg,motion_blur,med,16.6663
151938,000000151938.jpg,motion_blur,med,16.4138
155051,000000155051.jpg,motion_blur,med,16.1191
155443,000000155443.jpg,motion_blur,med,11.7381
157418,000000157418.jpg,motion_blur,med,19.8246
157767,000000157767.jpg,motion_blur,med,16.495
158227,000000158227.jpg,motion_blur,med,17.9189
159311,000000159311.jpg,motion_blur,med,10.9005
160556,000000160556.jpg,motion_blur,med,13.9085
161861,000000161861.jpg,motion_blur,med,28.8275
161879,000000161879.jpg,motion_blur,med,16.4553
162543,000000162543.jpg,motion_blur,med,15.0093
162732,000000162732.jpg,motion_blur,med,16.4882
163117,000000163117.jpg,motion_blur,med,19.2449
163290,000000163290.jpg,motion_blur,med,16.5876
163314,000000163314.jpg,motion_blur,med,14.4649
163640,000000163640.jpg,motion_blur,med,13.572
164115,000000164115.jpg,motion_blur,med,13.0568
166287,000000166287.jpg,motion_blur,med,22.104
166391,000000166391.jpg,motion_blur,med,22.4284
166509,000000166509.jpg,motion_blur,med,9.8881
170116,000000170116.jpg,motion_blur,med,17.1859
172648,000000172648.jpg,motion_blur,med,13.8408
172877,000000172877.jpg,motion_blur,med,21.7837
173057,000000173057.jpg,motion_blur,med,16.4321
173830,000000173830.jpg,motion_blur,med,25.0562
175443,000000175443.jpg,motion_blur,med,12.3645
176232,000000176232.jpg,motion_blur,med,20.1513
176901,000000176901.jpg,motion_blur,med,19.2215
177935,000000177935.jpg,motion_blur,med,16.5359
178028,000000178028.jpg,motion_blur,med,15.4959
179392,000000179392.jpg,motion_blur,med,23.1702
180878,000000180878.jpg,motion_blur,med,15.3215
181796,000000181796.jpg,motion_blur,med,16.5754
182611,000000182611.jpg,motion_blur,med,16.4096
185157,000000185157.jpg,motion_blur,med,20.3064
186637,000000186637.jpg,motion_blur,med,7.3567
186873,000000186873.jpg,motion_blur,med,21.3911
186980,000000186980.jpg,motion_blur,med,16.986
187734,000000187734.jpg,motion_blur,med,14.7617
189698,000000189698.jpg,motion_blur,med,14.8961
189806,000000189806.jpg,motion_blur,med,17.8697
190140,000000190140.jpg,motion_blur,med,13.445
190923,000000190923.jpg,motion_blur,med,16.0025
191471,000000191471.jpg,motion_blur,med,16.4893
191580,000000191580.jpg,motion_blur,med,16.0711
192871,000000192871.jpg,motion_blur,med,19.7275
194471,000000194471.jpg,motion_blur,med,19.3774
196185,000000196185.jpg,motion_blur,med,21.9178
200839,000000200839.jpg,motion_blur,med,12.0217
200961,000000200961.jpg,motion_blur,med,20.7369
202228,000000202228.jpg,motion_blur,med,26.2426
205647,000000205647.jpg,motion_blur,med,18.9233
206025,000000206025.jpg,motion_blur,med,19.2958
206411,000000206411.jpg,motion_blur,med,24.4261
206838,000000206838.jpg,motion_blur,med,24.1226
207585,000000207585.jpg,motion_blur,med,14.9729
209972,000000209972.jpg,motion_blur,med,25.5908
210030,000000210030.jpg,motion_blur,med,24.9792
210388,000000210388.jpg,motion_blur,med,21.558
210789,000000210789.jpg,motion_blur,med,16.7206
211674,000000211674.jpg,motion_blur,med,17.5927
212895,000000212895.jpg,motion_blur,med,22.0253
213035,000000213035.jpg,motion_blur,med,18.6287
213593,000000213593.jpg,motion_blur,med,13.9828
214192,000000214192.jpg,motion_blur,med,14.3318
215259,000000215259.jpg,motion_blur,med,21.0532
216296,000000216296.jpg,motion_blur,med,19.7576
218997,000000218997.jpg,motion_blur,med,13.3755
219440,000000219440.jpg,motion_blur,med,19.5236
220310,000000220310.jpg,motion_blur,med,13.5828
221291,000000221291.jpg,motion_blur,med,24.5728
222825,000000222825.jpg,motion_blur,med,21.4475
222863,000000222863.jpg,motion_blur,med,12.6672
223738,000000223738.jpg,motion_blur,med,17.9311
223747,000000223747.jpg,motion_blur,med,19.8044
224093,000000224093.jpg,motion_blur,med,16.2102
227044,000000227044.jpg,motion_blur,med,23.524
227187,000000227187.jpg,motion_blur,med,17.7813
227511,000000227511.jpg,motion_blur,med,14.0258
227765,000000227765.jpg,motion_blur,med,16.7816
228981,000000228981.jpg,motion_blur,med,21.486
229997,000000229997.jpg,motion_blur,med,12.2002
230819,000000230819.jpg,motion_blur,med,19.3901
231088,000000231088.jpg,motion_blur,med,16.7667
231097,000000231097.jpg,motion_blur,med,17.987
233825,000000233825.jpg,motion_blur,med,15.6962
235057,000000235057.jpg,motion_blur,med,15.6246
235836,000000235836.jpg,motion_blur,med,12.1373
239347,000000239347.jpg,motion_blur,med,16.7487
240940,000000240940.jpg,motion_blur,med,14.1842
242287,000000242287.jpg,motion_blur,med,16.6471
243344,000000243344.jpg,motion_blur,med,22.0741
244379,000000244379.jpg,motion_blur,med,22.757
244496,000000244496.jpg,motion_blur,med,16.2765
246883,000000246883.jpg,motion_blur,med,25.4078
249025,000000249025.jpg,motion_blur,med,24.6695
249129,000000249129.jpg,motion_blur,med,15.9461
251537,000000251537.jpg,motion_blur,med,24.2554
251824,000000251824.jpg,motion_blur,med,19.6839
253433,000000253433.jpg,motion_blur,med,18.3206
253452,000000253452.jpg,motion_blur,med,21.7256
254016,000000254016.jpg,motion_blur,med,19.6652
255401,000000255401.jpg,motion_blur,med,19.9447
255747,000000255747.jpg,motion_blur,med,21.8522
255824,000000255824.jpg,motion_blur,med,26.2732
256518,000000256518.jpg,motion_blur,med,17.0542
256916,000000256916.jpg,motion_blur,med,15.5154
257169,000000257169.jpg,motion_blur,med,26.9828
257478,000000257478.jpg,motion_blur,med,18.5433
259382,000000259382.jpg,motion_blur,med,17.2171
259830,000000259830.jpg,motion_blur,med,12.0241
260105,000000260105.jpg,motion_blur,med,19.7177
261061,000000261061.jpg,motion_blur,med,19.6068
262048,000000262048.jpg,motion_blur,med,23.6738
263403,000000263403.jpg,motion_blur,med,19.2184
265816,000000265816.jpg,motion_blur,med,14.2113
266082,000000266082.jpg,motion_blur,med,16.4269
267537,000000267537.jpg,motion_blur,med,12.9039
267670,000000267670.jpg,motion_blur,med,24.9777
269113,000000269113.jpg,motion_blur,med,10.4864
270244,000000270244.jpg,motion_blur,med,13.1564
270297,000000270297.jpg,motion_blur,med,12.8287
270677,000000270677.jpg,motion_blur,med,8.9918
273198,000000273198.jpg,motion_blur,med,17.7839
273420,000000273420.jpg,motion_blur,med,23.2195
273712,000000273712.jpg,motion_blur,med,17.6757
273760,000000273760.jpg,motion_blur,med,20.3121
275749,000000275749.jpg,motion_blur,med,17.8122
276055,000000276055.jpg,motion_blur,med,17.4729
277584,000000277584.jpg,motion_blur,med,14.795
278848,000000278848.jpg,motion_blur,med,17.7978
279927,000000279927.jpg,motion_blur,med,13.8769
280930,000000280930.jpg,motion_blur,med,13.4972
282912,000000282912.jpg,motion_blur,med,16.6252
283037,000000283037.jpg,motion_blur,med,12.9159
286422,000000286422.jpg,motion_blur,med,21.786
286660,000000286660.jpg,motion_blur,med,17.9987
287527,000000287527.jpg,motion_blur,med,24.7841
289594,000000289594.jpg,motion_blur,med,13.3397
289659,000000289659.jpg,motion_blur,med,12.3947
295797,000000295797.jpg,motion_blur,med,14.6097
295809,000000295809.jpg,motion_blur,med,13.6729
297427,000000297427.jpg,motion_blur,med,23.1786
306136,000000306136.jpg,motion_blur,med,14.5038
306893,000000306893.jpg,motion_blur,med,14.5404
307658,000000307658.jpg,motion_blur,med,16.4964
308193,000000308193.jpg,motion_blur,med,21.3135
308476,000000308476.jpg,motion_blur,med,18.6697
309484,000000309484.jpg,motion_blur,med,21.2017
314709,000000314709.jpg,motion_blur,med,29.2066
314914,000000314914.jpg,motion_blur,med,11.743
316666,000000316666.jpg,motion_blur,med,10.7419
319534,000000319534.jpg,motion_blur,med,17.0383
320490,000000320490.jpg,motion_blur,med,18.6002
320743,000000320743.jpg,motion_blur,med,15.1314
322724,000000322724.jpg,motion_blur,med,20.4984
323828,000000323828.jpg,motion_blur,med,9.8678
323895,000000323895.jpg,motion_blur,med,20.5409
326462,000000326462.jpg,motion_blur,med,20.5534
327601,000000327601.jpg,motion_blur,med,16.5308
328430,000000328430.jpg,motion_blur,med,17.3059
329827,000000329827.jpg,motion_blur,med,26.2754
330790,000000330790.jpg,motion_blur,med,14.3965
330818,000000330818.jpg,motion_blur,med,12.0384
331317,000000331317.jpg,motion_blur,med,9.0592
332845,000000332845.jpg,motion_blur,med,21.0588
333237,000000333237.jpg,motion_blur,med,18.8608
335954,000000335954.jpg,motion_blur,med,18.629
336232,000000336232.jpg,motion_blur,med,15.8639
338304,000000338304.jpg,motion_blur,med,14.371
338625,000000338625.jpg,motion_blur,med,16.3403
339823,000000339823.jpg,motion_blur,med,16.094
339870,000000339870.jpg,motion_blur,med,12.0365
341058,000000341058.jpg,motion_blur,med,14.7771
342186,000000342186.jpg,motion_blur,med,18.7696
343466,000000343466.jpg,motion_blur,med,19.1751
346638,000000346638.jpg,motion_blur,med,17.2028
347930,000000347930.jpg,motion_blur,med,16.7591
348216,000000348216.jpg,motion_blur,med,21.7169
348488,000000348488.jpg,motion_blur,med,18.346
348708,000000348708.jpg,motion_blur,med,21.1616
349678,000000349678.jpg,motion_blur,med,14.8928
350122,000000350122.jpg,motion_blur,med,14.5143
351530,000000351530.jpg,motion_blur,med,14.441
352618,000000352618.jpg,motion_blur,med,27.2789
354829,000000354829.jpg,motion_blur,med,20.3567
356125,000000356125.jpg,motion_blur,med,16.0768
356428,000000356428.jpg,motion_blur,med,12.4531
357060,000000357060.jpg,motion_blur,med,25.013
357737,000000357737.jpg,motion_blur,med,13.675
358923,000000358923.jpg,motion_blur,med,17.7245
361268,000000361268.jpg,motion_blur,med,13.642
361571,000000361571.jpg,motion_blur,med,23.4036
362716,000000362716.jpg,motion_blur,med,17.8889
363784,000000363784.jpg,motion_blur,med,19.4041
364166,000000364166.jpg,motion_blur,med,16.8421
366141,000000366141.jpg,motion_blur,med,22.1152
366199,000000366199.jpg,motion_blur,med,27.7945
368456,000000368456.jpg,motion_blur,med,14.6439
370900,000000370900.jpg,motion_blur,med,19.8178
372577,000000372577.jpg,motion_blur,med,17.926
372718,000000372718.jpg,motion_blur,med,19.3187
376206,000000376206.jpg,motion_blur,med,26.0818
376284,000000376284.jpg,motion_blur,med,16.0777
376478,000000376478.jpg,motion_blur,med,14.9116
377113,000000377113.jpg,motion_blur,med,15.7537
377239,000000377239.jpg,motion_blur,med,23.3915
377882,000000377882.jpg,motion_blur,med,12.4968
380913,000000380913.jpg,motion_blur,med,13.6225
381587,000000381587.jpg,motion_blur,med,14.7225
383621,000000383621.jpg,motion_blur,med,26.881
384666,000000384666.jpg,motion_blur,med,18.6368
385719,000000385719.jpg,motion_blur,med,11.3958
387148,000000387148.jpg,motion_blur,med,14.7485
387383,000000387383.jpg,motion_blur,med,23.2943
388056,000000388056.jpg,motion_blur,med,14.5296
388903,000000388903.jpg,motion_blur,med,18.0329
393226,000000393226.jpg,motion_blur,med,17.1065
395801,000000395801.jpg,motion_blur,med,19.7554
396205,000000396205.jpg,motion_blur,med,22.867
396274,000000396274.jpg,motion_blur,med,15.9176
397681,000000397681.jpg,motion_blur,med,13.0829
399655,000000399655.jpg,motion_blur,med,21.0635
400044,000000400044.jpg,motion_blur,med,23.1178
400082,000000400082.jpg,motion_blur,med,11.8074
402118,000000402118.jpg,motion_blur,med,17.5539
402720,000000402720.jpg,motion_blur,med,18.8061
404191,000000404191.jpg,motion_blur,med,20.1335
404484,000000404484.jpg,motion_blur,med,16.0468
404805,000000404805.jpg,motion_blur,med,20.0687
407825,000000407825.jpg,motion_blur,med,23.6817
407960,000000407960.jpg,motion_blur,med,15.797
408830,000000408830.jpg,motion_blur,med,13.2221
409268,000000409268.jpg,motion_blur,med,16.5114
410487,000000410487.jpg,motion_blur,med,16.2648
410712,000000410712.jpg,motion_blur,med,11.4781
411754,000000411754.jpg,motion_blur,med,20.2699
411774,000000411774.jpg,motion_blur,med,19.1911
414340,000000414340.jpg,motion_blur,med,17.9393
414676,000000414676.jpg,motion_blur,med,18.6747
415238,000000415238.jpg,motion_blur,med,17.22
415990,000000415990.jpg,motion_blur,med,19.2503
416837,000000416837.jpg,motion_blur,med,15.7157
418696,000000418696.jpg,motion_blur,med,17.3128
420069,000000420069.jpg,motion_blur,med,16.9569
420281,000000420281.jpg,motion_blur,med,21.5517
421455,000000421455.jpg,motion_blur,med,15.9518
424521,000000424521.jpg,motion_blur,med,14.8165
424975,000000424975.jpg,motion_blur,med,15.6163
426241,000000426241.jpg,motion_blur,med,19.7626
426268,000000426268.jpg,motion_blur,med,15.4443
426372,000000426372.jpg,motion_blur,med,15.098
427500,000000427500.jpg,motion_blur,med,13.7182
429718,000000429718.jpg,motion_blur,med,16.634
431727,000000431727.jpg,motion_blur,med,16.2792
431848,000000431848.jpg,motion_blur,med,17.6618
435003,000000435003.jpg,motion_blur,med,13.74
435205,000000435205.jpg,motion_blur,med,23.2078
435206,000000435206.jpg,motion_blur,med,25.4526
436315,000000436315.jpg,motion_blur,med,15.4141
436617,000000436617.jpg,motion_blur,med,14.2474
437205,000000437205.jpg,motion_blur,med,20.6263
437331,000000437331.jpg,motion_blur,med,16.3169
439426,000000439426.jpg,motion_blur,med,16.8475
440336,000000440336.jpg,motion_blur,med,14.3561
440475,000000440475.jpg,motion_blur,med,12.6977
441442,000000441442.jpg,motion_blur,med,14.6798
441491,000000441491.jpg,motion_blur,med,24.861
442456,000000442456.jpg,motion_blur,med,14.7505
443844,000000443844.jpg,motion_blur,med,16.8344
445602,000000445602.jpg,motion_blur,med,21.2966
445675,000000445675.jpg,motion_blur,med,19.387
445846,000000445846.jpg,motion_blur,med,21.5473
446207,000000446207.jpg,motion_blur,med,15.508
447313,000000447313.jpg,motion_blur,med,11.5343
449198,000000449198.jpg,motion_blur,med,14.0851
449996,000000449996.jpg,motion_blur,med,21.7645
451435,000000451435.jpg,motion_blur,med,19.6136
453001,000000453001.jpg,motion_blur,med,12.8817
453708,000000453708.jpg,motion_blur,med,17.7802
453981,000000453981.jpg,motion_blur,med,15.6879
454798,000000454798.jpg,motion_blur,med,18.7183
459195,000000459195.jpg,motion_blur,med,11.3289
459396,000000459396.jpg,motion_blur,med,18.8448
459887,000000459887.jpg,motion_blur,med,17.5394
462576,000000462576.jpg,motion_blur,med,19.5682
463542,000000463542.jpg,motion_blur,med,21.0004
464476,000000464476.jpg,motion_blur,med,14.7605
464689,000000464689.jpg,motion_blur,med,19.4549
467315,000000467315.jpg,motion_blur,med,17.8369
470121,000000470121.jpg,motion_blur,med,18.3788
473118,000000473118.jpg,motion_blur,med,16.0524
475387,000000475387.jpg,motion_blur,med,13.2973
475904,000000475904.jpg,motion_blur,med,10.2244
476704,000000476704.jpg,motion_blur,med,16.2545
477623,000000477623.jpg,motion_blur,med,17.6609
478286,000000478286.jpg,motion_blur,med,24.6407
478721,000000478721.jpg,motion_blur,med,17.0031
479248,000000479248.jpg,motion_blur,med,15.3428
480936,000000480936.jpg,motion_blur,med,16.8569
484760,000000484760.jpg,motion_blur,med,18.0116
488075,000000488075.jpg,motion_blur,med,21.2848
491613,000000491613.jpg,motion_blur,med,17.5313
491683,000000491683.jpg,motion_blur,med,18.7504
492077,000000492077.jpg,motion_blur,med,15.5654
492878,000000492878.jpg,motion_blur,med,16.5291
492968,000000492968.jpg,motion_blur,med,23.7465
496409,000000496409.jpg,motion_blur,med,38.2854
496571,000000496571.jpg,motion_blur,med,16.3381
499031,000000499031.jpg,motion_blur,med,16.2162
499768,000000499768.jpg,motion_blur,med,15.6599
500049,000000500049.jpg,motion_blur,med,16.6093
502168,000000502168.jpg,motion_blur,med,16.1073
502347,000000502347.jpg,motion_blur,med,18.5111
504074,000000504074.jpg,motion_blur,med,16.8676
504415,000000504415.jpg,motion_blur,med,15.7472
507473,000000507473.jpg,motion_blur,med,20.8142
508602,000000508602.jpg,motion_blur,med,16.9215
512836,000000512836.jpg,motion_blur,med,22.4662
512929,000000512929.jpg,motion_blur,med,15.4294
514586,000000514586.jpg,motion_blur,med,17.7475
515982,000000515982.jpg,motion_blur,med,15.7022
516318,000000516318.jpg,motion_blur,med,24.7112
516601,000000516601.jpg,motion_blur,med,18.372
516916,000000516916.jpg,motion_blur,med,17.061
519039,000000519039.jpg,motion_blur,med,14.2536
522940,000000522940.jpg,motion_blur,med,21.4381
523033,000000523033.jpg,motion_blur,med,25.7174
524456,000000524456.jpg,motion_blur,med,17.7256
526706,000000526706.jpg,motion_blur,med,18.6706
527427,000000527427.jpg,motion_blur,med,15.548
527528,000000527528.jpg,motion_blur,med,22.3579
528578,000000528578.jpg,motion_blur,med,18.6732
529122,000000529122.jpg,motion_blur,med,12.6594
532058,000000532058.jpg,motion_blur,med,24.4904
533855,000000533855.jpg,motion_blur,med,16.7266
534601,000000534601.jpg,motion_blur,med,24.7949
537270,000000537270.jpg,motion_blur,med,19.4915
538067,000000538067.jpg,motion_blur,med,21.0968
544605,000000544605.jpg,motion_blur,med,12.6512
545100,000000545100.jpg,motion_blur,med,12.5863
545407,000000545407.jpg,motion_blur,med,29.1247
546325,000000546325.jpg,motion_blur,med,19.6143
546659,000000546659.jpg,motion_blur,med,15.6537
546976,000000546976.jpg,motion_blur,med,16.4909
547502,000000547502.jpg,motion_blur,med,15.0794
549055,000000549055.jpg,motion_blur,med,20.2803
550349,000000550349.jpg,motion_blur,med,16.5258
551820,000000551820.jpg,motion_blur,med,19.4456
552883,000000552883.jpg,motion_blur,med,26.7181
552902,000000552902.jpg,motion_blur,med,10.8117
556000,000000556000.jpg,motion_blur,med,10.5797
559707,000000559707.jpg,motion_blur,med,22.3708
560266,000000560266.jpg,motion_blur,med,13.4294
560474,000000560474.jpg,motion_blur,med,11.4175
560880,000000560880.jpg,motion_blur,med,20.2692
564023,000000564023.jpg,motion_blur,med,22.6963
565012,000000565012.jpg,motion_blur,med,12.9445
565624,000000565624.jpg,motion_blur,med,13.5525
566436,000000566436.jpg,motion_blur,med,16.2907
567886,000000567886.jpg,motion_blur,med,17.7449
569917,000000569917.jpg,motion_blur,med,21.503
570688,000000570688.jpg,motion_blur,med,16.9932
571008,000000571008.jpg,motion_blur,med,22.2731
572388,000000572388.jpg,motion_blur,med,23.2725
577584,000000577584.jpg,motion_blur,med,19.3359
578871,000000578871.jpg,motion_blur,med,17.0615
578967,000000578967.jpg,motion_blur,med,14.526
579158,000000579158.jpg,motion_blur,med,15.7702
580294,000000580294.jpg,motion_blur,med,20.9658
724,000000000724.jpg,motion_blur,high,13.1587
1425,000000001425.jpg,motion_blur,high,21.4463
1532,000000001532.jpg,motion_blur,high,18.5292
3255,000000003255.jpg,motion_blur,high,15.1208
3501,000000003501.jpg,motion_blur,high,18.5889
3661,000000003661.jpg,motion_blur,high,21.5426
6954,000000006954.jpg,motion_blur,high,14.6893
7795,000000007795.jpg,motion_blur,high,15.6113
9914,000000009914.jpg,motion_blur,high,14.5716
10092,000000010092.jpg,motion_blur,high,16.1032
10977,000000010977.jpg,motion_blur,high,20.1085
11122,000000011122.jpg,motion_blur,high,10.8762
12280,000000012280.jpg,motion_blur,high,14.3301
15079,000000015079.jpg,motion_blur,high,14.9304
17031,000000017031.jpg,motion_blur,high,15.1834
17178,000000017178.jpg,motion_blur,high,11.34
17905,000000017905.jpg,motion_blur,high,12.7027
20247,000000020247.jpg,motion_blur,high,20.2874
21604,000000021604.jpg,motion_blur,high,12.858
22396,000000022396.jpg,motion_blur,high,29.0632
22623,000000022623.jpg,motion_blur,high,19.2697
23126,000000023126.jpg,motion_blur,high,17.3174
23781,000000023781.jpg,motion_blur,high,11.1784
24610,000000024610.jpg,motion_blur,high,16.3724
25386,000000025386.jpg,motion_blur,high,13.8466
25560,000000025560.jpg,motion_blur,high,14.2606
28449,000000028449.jpg,motion_blur,high,17.2177
29984,000000029984.jpg,motion_blur,high,19.9876
30494,000000030494.jpg,motion_blur,high,12.5877
31217,000000031217.jpg,motion_blur,high,15.4036
31248,000000031248.jpg,motion_blur,high,13.817
31620,000000031620.jpg,motion_blur,high,21.3579
32081,000000032081.jpg,motion_blur,high,14.9986
32570,000000032570.jpg,motion_blur,high,19.6099
32817,000000032817.jpg,motion_blur,high,17.8163
32901,000000032901.jpg,motion_blur,high,17.3549
33109,000000033109.jpg,motion_blur,high,14.786
37670,000000037670.jpg,motion_blur,high,20.7638
38678,000000038678.jpg,motion_blur,high,19.7473
39405,000000039405.jpg,motion_blur,high,7.6373
42178,000000042178.jpg,motion_blur,high,13.9074
42296,000000042296.jpg,motion_blur,high,15.989
43314,000000043314.jpg,motion_blur,high,13.7099
44652,000000044652.jpg,motion_blur,high,21.9147
51598,000000051598.jpg,motion_blur,high,25.0299
51976,000000051976.jpg,motion_blur,high,18.7587
52017,000000052017.jpg,motion_blur,high,21.1166
52413,000000052413.jpg,motion_blur,high,14.224
53505,000000053505.jpg,motion_blur,high,20.7241
53909,000000053909.jpg,motion_blur,high,19.8048
54592,000000054592.jpg,motion_blur,high,17.9517
60507,000000060507.jpg,motion_blur,high,15.5676
60899,000000060899.jpg,motion_blur,high,16.1175
63047,000000063047.jpg,motion_blur,high,10.705
64084,000000064084.jpg,motion_blur,high,17.6434
66231,000000066231.jpg,motion_blur,high,9.1295
66886,000000066886.jpg,motion_blur,high,19.1588
67406,000000067406.jpg,motion_blur,high,23.6125
67616,000000067616.jpg,motion_blur,high,11.5809
69138,000000069138.jpg,motion_blur,high,13.9406
74092,000000074092.jpg,motion_blur,high,9.6884
74200,000000074200.jpg,motion_blur,high,14.1153
76547,000000076547.jpg,motion_blur,high,13.6011
76625,000000076625.jpg,motion_blur,high,18.329
79014,000000079014.jpg,motion_blur,high,24.0537
79144,000000079144.jpg,motion_blur,high,12.5235
80659,000000080659.jpg,motion_blur,high,15.7116
81594,000000081594.jpg,motion_blur,high,14.6085
84031,000000084031.jpg,motion_blur,high,11.2571
84431,000000084431.jpg,motion_blur,high,20.5928
85665,000000085665.jpg,motion_blur,high,24.2216
86956,000000086956.jpg,motion_blur,high,16.3398
87476,000000087476.jpg,motion_blur,high,13.2628
89078,000000089078.jpg,motion_blur,high,19.1935
90208,000000090208.jpg,motion_blur,high,11.7877
90631,000000090631.jpg,motion_blur,high,28.5941
91615,000000091615.jpg,motion_blur,high,15.6058
91654,000000091654.jpg,motion_blur,high,19.6641
92053,000000092053.jpg,motion_blur,high,12.067
94871,000000094871.jpg,motion_blur,high,14.3919
95899,000000095899.jpg,motion_blur,high,16.3027
96001,000000096001.jpg,motion_blur,high,16.5253
99054,000000099054.jpg,motion_blur,high,13.8551
100274,000000100274.jpg,motion_blur,high,15.7115
100510,000000100510.jpg,motion_blur,high,12.845
101068,000000101068.jpg,motion_blur,high,17.8545
101762,000000101762.jpg,motion_blur,high,16.2713
102707,000000102707.jpg,motion_blur,high,15.8901
102820,000000102820.jpg,motion_blur,high,12.8707
104619,000000104619.jpg,motion_blur,high,14.1349
105335,000000105335.jpg,motion_blur,high,24.0786
106389,000000106389.jpg,motion_blur,high,16.9573
106912,000000106912.jpg,motion_blur,high,19.8805
107226,000000107226.jpg,motion_blur,high,18.4425
107554,000000107554.jpg,motion_blur,high,10.4379
109916,000000109916.jpg,motion_blur,high,16.0764
110359,000000110359.jpg,motion_blur,high,27.305
110999,000000110999.jpg,motion_blur,high,10.5234
111207,000000111207.jpg,motion_blur,high,12.4645
111951,000000111951.jpg,motion_blur,high,19.7616
113354,000000113354.jpg,motion_blur,high,11.7072
113720,000000113720.jpg,motion_blur,high,15.887
114049,000000114049.jpg,motion_blur,high,11.2432
116362,000000116362.jpg,motion_blur,high,20.3571
116589,000000116589.jpg,motion_blur,high,9.2019
118594,000000118594.jpg,motion_blur,high,18.2713
122166,000000122166.jpg,motion_blur,high,14.2704
122962,000000122962.jpg,motion_blur,high,11.5126
124975,000000124975.jpg,motion_blur,high,12.2971
125778,000000125778.jpg,motion_blur,high,14.641
125806,000000125806.jpg,motion_blur,high,11.5401
127182,000000127182.jpg,motion_blur,high,18.1928
127394,000000127394.jpg,motion_blur,high,11.9975
127624,000000127624.jpg,motion_blur,high,20.3989
130826,000000130826.jpg,motion_blur,high,12.9521
131386,000000131386.jpg,motion_blur,high,20.9421
131556,000000131556.jpg,motion_blur,high,17.6344
133969,000000133969.jpg,motion_blur,high,13.1143
134886,000000134886.jpg,motion_blur,high,23.4918
136915,000000136915.jpg,motion_blur,high,15.4524
140439,000000140439.jpg,motion_blur,high,18.5308
140640,000000140640.jpg,motion_blur,high,11.8012
142092,000000142092.jpg,motion_blur,high,13.068
142790,000000142790.jpg,motion_blur,high,19.5742
147729,000000147729.jpg,motion_blur,high,12.2342
148730,000000148730.jpg,motion_blur,high,22.3271
149770,000000149770.jpg,motion_blur,high,17.9241
151000,000000151000.jpg,motion_blur,high,12.7686
151480,000000151480.jpg,motion_blur,high,14.8966
151820,000000151820.jpg,motion_blur,high,15.5621
151938,000000151938.jpg,motion_blur,high,12.8838
155051,000000155051.jpg,motion_blur,high,12.886
155443,000000155443.jpg,motion_blur,high,10.1768
157418,000000157418.jpg,motion_blur,high,17.7205
157767,000000157767.jpg,motion_blur,high,13.8271
158227,000000158227.jpg,motion_blur,high,14.8491
159311,000000159311.jpg,motion_blur,high,9.7133
160556,000000160556.jpg,motion_blur,high,11.2891
161861,000000161861.jpg,motion_blur,high,25.9629
161879,000000161879.jpg,motion_blur,high,13.6198
162543,000000162543.jpg,motion_blur,high,13.3358
162732,000000162732.jpg,motion_blur,high,13.5835
163117,000000163117.jpg,motion_blur,high,16.5942
163290,000000163290.jpg,motion_blur,high,15.3998
163314,000000163314.jpg,motion_blur,high,13.3549
163640,000000163640.jpg,motion_blur,high,12.5993
164115,000000164115.jpg,motion_blur,high,11.6951
166287,000000166287.jpg,motion_blur,high,21.2731
166391,000000166391.jpg,motion_blur,high,20.309
166509,000000166509.jpg,motion_blur,high,9.1078
170116,000000170116.jpg,motion_blur,high,13.4203
172648,000000172648.jpg,motion_blur,high,12.3603
172877,000000172877.jpg,motion_blur,high,19.4247
173057,000000173057.jpg,motion_blur,high,14.5958
173830,000000173830.jpg,motion_blur,high,21.971
175443,000000175443.jpg,motion_blur,high,10.3221
176232,000000176232.jpg,motion_blur,high,18.4748
176901,000000176901.jpg,motion_blur,high,17.374
177935,000000177935.jpg,motion_blur,high,15.2171
178028,000000178028.jpg,motion_blur,high,13.0072
179392,000000179392.jpg,motion_blur,high,19.391
180878,000000180878.jpg,motion_blur,high,13.1514
181796,000000181796.jpg,motion_blur,high,15.1692
182611,000000182611.jpg,motion_blur,high,14.0232
185157,000000185157.jpg,motion_blur,high,18.0492
186637,000000186637.jpg,motion_blur,high,7.3861
186873,000000186873.jpg,motion_blur,high,15.012
186980,000000186980.jpg,motion_blur,high,14.5126
187734,000000187734.jpg,motion_blur,high,13.1243
189698,000000189698.jpg,motion_blur,high,11.0094
189806,000000189806.jpg,motion_blur,high,15.3767
190140,000000190140.jpg,motion_blur,high,14.0992
190923,000000190923.jpg,motion_blur,high,13.237
191471,000000191471.jpg,motion_blur,high,15.1651
191580,000000191580.jpg,motion_blur,high,14.9219
192871,000000192871.jpg,motion_blur,high,16.7788
194471,000000194471.jpg,motion_blur,high,16.0842
196185,000000196185.jpg,motion_blur,high,23.2974
200839,000000200839.jpg,motion_blur,high,10.6417
200961,000000200961.jpg,motion_blur,high,18.6126
202228,000000202228.jpg,motion_blur,high,23.7208
205647,000000205647.jpg,motion_blur,high,16.766
206025,000000206025.jpg,motion_blur,high,17.2573
206411,000000206411.jpg,motion_blur,high,21.3342
206838,000000206838.jpg,motion_blur,high,19.8919
207585,000000207585.jpg,motion_blur,high,13.3205
209972,000000209972.jpg,motion_blur,high,25.5995
210030,000000210030.jpg,motion_blur,high,23.9095
210388,000000210388.jpg,motion_blur,high,19.4535
210789,000000210789.jpg,motion_blur,high,14.8324
211674,000000211674.jpg,motion_blur,high,15.8702
212895,000000212895.jpg,motion_blur,high,20.1906
213035,000000213035.jpg,motion_blur,high,15.4471
213593,000000213593.jpg,motion_blur,high,11.3382
214192,000000214192.jpg,motion_blur,high,12.8097
215259,000000215259.jpg,motion_blur,high,17.9826
216296,000000216296.jpg,motion_blur,high,16.9522
218997,000000218997.jpg,motion_blur,high,12.7373
219440,000000219440.jpg,motion_blur,high,17.7722
220310,000000220310.jpg,motion_blur,high,11.8881
221291,000000221291.jpg,motion_blur,high,22.2354
222825,000000222825.jpg,motion_blur,high,19.7544
222863,000000222863.jpg,motion_blur,high,11.1861
223738,000000223738.jpg,motion_blur,high,15.5428
223747,000000223747.jpg,motion_blur,high,17.5239
224093,000000224093.jpg,motion_blur,high,13.9006
227044,000000227044.jpg,motion_blur,high,20.6497
227187,000000227187.jpg,motion_blur,high,14.6423
227511,000000227511.jpg,motion_blur,high,12.9286
227765,000000227765.jpg,motion_blur,high,14.0869
228981,000000228981.jpg,motion_blur,high,19.9952
229997,000000229997.jpg,motion_blur,high,10.9411
230819,000000230819.jpg,motion_blur,high,18.9186
231088,000000231088.jpg,motion_blur,high,14.9925
231097,000000231097.jpg,motion_blur,high,13.2972
233825,000000233825.jpg,motion_blur,high,14.491
235057,000000235057.jpg,motion_blur,high,14.1621
235836,000000235836.jpg,motion_blur,high,10.8522
239347,000000239347.jpg,motion_blur,high,14.2314
240940,000000240940.jpg,motion_blur,high,12.7999
242287,000000242287.jpg,motion_blur,high,14.6048
243344,000000243344.jpg,motion_blur,high,15.4735
244379,000000244379.jpg,motion_blur,high,17.2894
244496,000000244496.jpg,motion_blur,high,13.9707
246883,000000246883.jpg,motion_blur,high,23.5601
249025,000000249025.jpg,motion_blur,high,21.0584
249129,000000249129.jpg,motion_blur,high,14.3133
251537,000000251537.jpg,motion_blur,high,21.5566
251824,000000251824.jpg,motion_blur,high,18.3744
253433,000000253433.jpg,motion_blur,high,15.5873
253452,000000253452.jpg,motion_blur,high,17.0411
254016,000000254016.jpg,motion_blur,high,16.3188
255401,000000255401.jpg,motion_blur,high,17.707
255747,000000255747.jpg,motion_blur,high,18.9659
255824,000000255824.jpg,motion_blur,high,23.2459
256518,000000256518.jpg,motion_blur,high,14.8814
256916,000000256916.jpg,motion_blur,high,14.7081
257169,000000257169.jpg,motion_blur,high,22.744
257478,000000257478.jpg,motion_blur,high,16.4874
259382,000000259382.jpg,motion_blur,high,15.4944
259830,000000259830.jpg,motion_blur,high,10.0477
260105,000000260105.jpg,motion_blur,high,18.4116
261061,000000261061.jpg,motion_blur,high,16.9654
262048,000000262048.jpg,motion_blur,high,20.5078
263403,000000263403.jpg,motion_blur,high,18.0369
265816,000000265816.jpg,motion_blur,high,12.3546
266082,000000266082.jpg,motion_blur,high,14.3492
267537,000000267537.jpg,motion_blur,high,12.3107
267670,000000267670.jpg,motion_blur,high,22.6185
269113,000000269113.jpg,motion_blur,high,9.8923
270244,000000270244.jpg,motion_blur,high,12.6806
270297,000000270297.jpg,motion_blur,high,11.093
270677,000000270677.jpg,motion_blur,high,7.7909
273198,000000273198.jpg,motion_blur,high,18.0357
273420,000000273420.jpg,motion_blur,high,20.0466
273712,000000273712.jpg,motion_blur,high,16.0615
273760,000000273760.jpg,motion_blur,high,18.5718
275749,000000275749.jpg,motion_blur,high,15.7906
276055,000000276055.jpg,motion_blur,high,15.5178
277584,000000277584.jpg,motion_blur,high,13.5279
278848,000000278848.jpg,motion_blur,high,14.9837
279927,000000279927.jpg,motion_blur,high,12.7674
280930,000000280930.jpg,motion_blur,high,11.4277
282912,000000282912.jpg,motion_blur,high,13.555
283037,000000283037.jpg,motion_blur,high,11.648
286422,000000286422.jpg,motion_blur,high,19.0411
286660,000000286660.jpg,motion_blur,high,16.3645
287527,000000287527.jpg,motion_blur,high,21.7147
289594,000000289594.jpg,motion_blur,high,11.6337
289659,000000289659.jpg,motion_blur,high,11.467
295797,000000295797.jpg,motion_blur,high,13.594
295809,000000295809.jpg,motion_blur,high,12.7917
297427,000000297427.jpg,motion_blur,high,21.0534
306136,000000306136.jpg,motion_blur,high,11.0375
306893,000000306893.jpg,motion_blur,high,12.5302
307658,000000307658.jpg,motion_blur,high,15.6714
308193,000000308193.jpg,motion_blur,high,17.7922
308476,000000308476.jpg,motion_blur,high,17.0152
309484,000000309484.jpg,motion_blur,high,17.34
314709,000000314709.jpg,motion_blur,high,24.0694
314914,000000314914.jpg,motion_blur,high,10.8359
316666,000000316666.jpg,motion_blur,high,8.4092
319534,000000319534.jpg,motion_blur,high,13.4431
320490,000000320490.jpg,motion_blur,high,15.3925
320743,000000320743.jpg,motion_blur,high,13.1193
322724,000000322724.jpg,motion_blur,high,18.0888
323828,000000323828.jpg,motion_blur,high,8.3499
323895,000000323895.jpg,motion_blur,high,17.9009
326462,000000326462.jpg,motion_blur,high,17.0563
327601,000000327601.jpg,motion_blur,high,13.7802
328430,000000328430.jpg,motion_blur,high,14.826
329827,000000329827.jpg,motion_blur,high,21.9878
330790,000000330790.jpg,motion_blur,high,12.1136
330818,000000330818.jpg,motion_blur,high,10.2265
331317,000000331317.jpg,motion_blur,high,8.8547
332845,000000332845.jpg,motion_blur,high,18.658
333237,000000333237.jpg,motion_blur,high,17.0176
335954,000000335954.jpg,motion_blur,high,16.0311
336232,000000336232.jpg,motion_blur,high,13.5236
338304,000000338304.jpg,motion_blur,high,12.7311
338625,000000338625.jpg,motion_blur,high,14.0158
339823,000000339823.jpg,motion_blur,high,13.2975
339870,000000339870.jpg,motion_blur,high,9.6648
341058,000000341058.jpg,motion_blur,high,13.5091
342186,000000342186.jpg,motion_blur,high,16.4075
343466,000000343466.jpg,motion_blur,high,15.1717
346638,000000346638.jpg,motion_blur,high,14.879
347930,000000347930.jpg,motion_blur,high,15.0479
348216,000000348216.jpg,motion_blur,high,18.3258
348488,000000348488.jpg,motion_blur,high,16.5515
348708,000000348708.jpg,motion_blur,high,18.1523
349678,000000349678.jpg,motion_blur,high,12.5042
350122,000000350122.jpg,motion_blur,high,12.8608
351530,000000351530.jpg,motion_blur,high,12.561
352618,000000352618.jpg,motion_blur,high,24.4496
354829,000000354829.jpg,motion_blur,high,17.3059
356125,000000356125.jpg,motion_blur,high,15.77
356428,000000356428.jpg,motion_blur,high,9.6517
357060,000000357060.jpg,motion_blur,high,24.2914
357737,000000357737.jpg,motion_blur,high,12.2461
358923,000000358923.jpg,motion_blur,high,14.6368
361268,000000361268.jpg,motion_blur,high,12.3165
361571,000000361571.jpg,motion_blur,high,20.6357
362716,000000362716.jpg,motion_blur,high,14.3754
363784,000000363784.jpg,motion_blur,high,16.3497
364166,000000364166.jpg,motion_blur,high,12.5055
366141,000000366141.jpg,motion_blur,high,19.9037
366199,000000366199.jpg,motion_blur,high,23.9218
368456,000000368456.jpg,motion_blur,high,13.8256
370900,000000370900.jpg,motion_blur,high,16.8691
372577,000000372577.jpg,motion_blur,high,16.3119
372718,000000372718.jpg,motion_blur,high,18.0241
376206,000000376206.jpg,motion_blur,high,25.5368
376284,000000376284.jpg,motion_blur,high,13.3507
376478,000000376478.jpg,motion_blur,high,13.467
377113,000000377113.jpg,motion_blur,high,14.1569
377239,000000377239.jpg,motion_blur,high,19.7448
377882,000000377882.jpg,motion_blur,high,11.4492
380913,000000380913.jpg,motion_blur,high,12.2837
381587,000000381587.jpg,motion_blur,high,12.0699
383621,000000383621.jpg,motion_blur,high,24.3303
384666,000000384666.jpg,motion_blur,high,17.6019
385719,000000385719.jpg,motion_blur,high,10.2204
387148,000000387148.jpg,motion_blur,high,13.9513
387383,000000387383.jpg,motion_blur,high,22.0378
388056,000000388056.jpg,motion_blur,high,12.6291
388903,000000388903.jpg,motion_blur,high,14.7035
393226,000000393226.jpg,motion_blur,high,14.9743
395801,000000395801.jpg,motion_blur,high,17.44
396205,000000396205.jpg,motion_blur,high,21.8523
396274,000000396274.jpg,motion_blur,high,14.3781
397681,000000397681.jpg,motion_blur,high,11.4215
399655,000000399655.jpg,motion_blur,high,17.7923
400044,000000400044.jpg,motion_blur,high,20.2735
400082,000000400082.jpg,motion_blur,high,10.8598
402118,000000402118.jpg,motion_blur,high,15.6863
402720,000000402720.jpg,motion_blur,high,16.9409
404191,000000404191.jpg,motion_blur,high,18.8854
404484,000000404484.jpg,motion_blur,high,13.2151
404805,000000404805.jpg,motion_blur,high,18.5235
407825,000000407825.jpg,motion_blur,high,20.2443
407960,000000407960.jpg,motion_blur,high,13.1011
408830,000000408830.jpg,motion_blur,high,11.3511
409268,000000409268.jpg,motion_blur,high,15.1983
410487,000000410487.jpg,motion_blur,high,15.0872
410712,000000410712.jpg,motion_blur,high,8.7475
411754,000000411754.jpg,motion_blur,high,16.6917
411774,000000411774.jpg,motion_blur,high,16.2395
414340,000000414340.jpg,motion_blur,high,16.1818
414676,000000414676.jpg,motion_blur,high,16.9103
415238,000000415238.jpg,motion_blur,high,16.0603
415990,000000415990.jpg,motion_blur,high,17.9102
416837,000000416837.jpg,motion_blur,high,14.9764
418696,000000418696.jpg,motion_blur,high,15.2928
420069,000000420069.jpg,motion_blur,high,16.0447
420281,000000420281.jpg,motion_blur,high,17.7103
421455,000000421455.jpg,motion_blur,high,13.606
424521,000000424521.jpg,motion_blur,high,12.9711
424975,000000424975.jpg,motion_blur,high,13.9533
426241,000000426241.jpg,motion_blur,high,18.9046
426268,000000426268.jpg,motion_blur,high,13.7389
426372,000000426372.jpg,motion_blur,high,12.7991
427500,000000427500.jpg,motion_blur,high,12.002
429718,000000429718.jpg,motion_blur,high,15.0949
431727,000000431727.jpg,motion_blur,high,14.6327
431848,000000431848.jpg,motion_blur,high,15.1756
435003,000000435003.jpg,motion_blur,high,12.8866
435205,000000435205.jpg,motion_blur,high,20.9418
435206,000000435206.jpg,motion_blur,high,23.2741
436315,000000436315.jpg,motion_blur,high,13.438
436617,000000436617.jpg,motion_blur,high,12.1934
437205,000000437205.jpg,motion_blur,high,18.299
437331,000000437331.jpg,motion_blur,high,15.2438
439426,000000439426.jpg,motion_blur,high,15.6432
440336,000000440336.jpg,motion_blur,high,12.4615
440475,000000440475.jpg,motion_blur,high,10.3861
441442,000000441442.jpg,motion_blur,high,12.3738
441491,000000441491.jpg,motion_blur,high,20.9989
442456,000000442456.jpg,motion_blur,high,12.7324
443844,000000443844.jpg,motion_blur,high,15.2187
445602,000000445602.jpg,motion_blur,high,18.9961
445675,000000445675.jpg,motion_blur,high,18.0128
445846,000000445846.jpg,motion_blur,high,19.6602
446207,000000446207.jpg,motion_blur,high,13.6488
447313,000000447313.jpg,motion_blur,high,10.3276
449198,000000449198.jpg,motion_blur,high,12.6921
449996,000000449996.jpg,motion_blur,high,19.4281
451435,000000451435.jpg,motion_blur,high,18.1497
453001,000000453001.jpg,motion_blur,high,11.3064
453708,000000453708.jpg,motion_blur,high,13.4848
453981,000000453981.jpg,motion_blur,high,14.2616
454798,000000454798.jpg,motion_blur,high,16.8529
459195,000000459195.jpg,motion_blur,high,9.9754
459396,000000459396.jpg,motion_blur,high,16.2699
459887,000000459887.jpg,motion_blur,high,15.5369
462576,000000462576.jpg,motion_blur,high,16.3377
463542,000000463542.jpg,motion_blur,high,18.8019
464476,000000464476.jpg,motion_blur,high,13.3888
464689,000000464689.jpg,motion_blur,high,17.5557
467315,000000467315.jpg,motion_blur,high,16.0528
470121,000000470121.jpg,motion_blur,high,15.6575
473118,000000473118.jpg,motion_blur,high,13.5028
475387,000000475387.jpg,motion_blur,high,11.7007
475904,000000475904.jpg,motion_blur,high,8.7236
476704,000000476704.jpg,motion_blur,high,14.2933
477623,000000477623.jpg,motion_blur,high,15.7724
478286,000000478286.jpg,motion_blur,high,23.5587
478721,000000478721.jpg,motion_blur,high,15.4231
479248,000000479248.jpg,motion_blur,high,13.4484
480936,000000480936.jpg,motion_blur,high,15.101
484760,000000484760.jpg,motion_blur,high,17.0737
488075,000000488075.jpg,motion_blur,high,18.707
491613,000000491613.jpg,motion_blur,high,16.2617
491683,000000491683.jpg,motion_blur,high,17.8301
492077,000000492077.jpg,motion_blur,high,14.128
492878,000000492878.jpg,motion_blur,high,14.5926
492968,000000492968.jpg,motion_blur,high,21.7249
496409,000000496409.jpg,motion_blur,high,36.5123
496571,000000496571.jpg,motion_blur,high,14.5322
499031,000000499031.jpg,motion_blur,high,14.1017
499768,000000499768.jpg,motion_blur,high,14.0843
500049,000000500049.jpg,motion_blur,high,18.4413
502168,000000502168.jpg,motion_blur,high,14.852
502347,000000502347.jpg,motion_blur,high,18.1183
504074,000000504074.jpg,motion_blur,high,14.7729
504415,000000504415.jpg,motion_blur,high,16.0857
507473,000000507473.jpg,motion_blur,high,18.825
508602,000000508602.jpg,motion_blur,high,13.0235
512836,000000512836.jpg,motion_blur,high,20.1084
512929,000000512929.jpg,motion_blur,high,13.2004
514586,000000514586.jpg,motion_blur,high,15.4908
515982,000000515982.jpg,motion_blur,high,14.6642
516318,000000516318.jpg,motion_blur,high,23.7476
516601,000000516601.jpg,motion_blur,high,17.5896
516916,000000516916.jpg,motion_blur,high,15.2362
519039,000000519039.jpg,motion_blur,high,12.5723
522940,000000522940.jpg,motion_blur,high,17.2268
523033,000000523033.jpg,motion_blur,high,20.1538
524456,000000524456.jpg,motion_blur,high,16.5901
526706,000000526706.jpg,motion_blur,high,16.8283
527427,000000527427.jpg,motion_blur,high,13.4515
527528,000000527528.jpg,motion_blur,high,20.5916
528578,000000528578.jpg,motion_blur,high,17.4632
529122,000000529122.jpg,motion_blur,high,10.9056
532058,000000532058.jpg,motion_blur,high,21.8262
533855,000000533855.jpg,motion_blur,high,14.3526
534601,000000534601.jpg,motion_blur,high,20.0648
537270,000000537270.jpg,motion_blur,high,17.1117
538067,000000538067.jpg,motion_blur,high,20.4657
544605,000000544605.jpg,motion_blur,high,11.9349
545100,000000545100.jpg,motion_blur,high,11.2341
545407,000000545407.jpg,motion_blur,high,25.8141
546325,000000546325.jpg,motion_blur,high,18.1985
546659,000000546659.jpg,motion_blur,high,13.895
546976,000000546976.jpg,motion_blur,high,13.9835
547502,000000547502.jpg,motion_blur,high,13.7059
549055,000000549055.jpg,motion_blur,high,18.2005
550349,000000550349.jpg,motion_blur,high,14.8731
551820,000000551820.jpg,motion_blur,high,16.8384
552883,000000552883.jpg,motion_blur,high,22.1619
552902,000000552902.jpg,motion_blur,high,8.6827
556000,000000556000.jpg,motion_blur,high,9.2121
559707,000000559707.jpg,motion_blur,high,19.408
560266,000000560266.jpg,motion_blur,high,13.588
560474,000000560474.jpg,motion_blur,high,9.5065
560880,000000560880.jpg,motion_blur,high,19.2388
564023,000000564023.jpg,motion_blur,high,18.4972
565012,000000565012.jpg,motion_blur,high,11.3188
565624,000000565624.jpg,motion_blur,high,11.4427
566436,000000566436.jpg,motion_blur,high,13.4718
567886,000000567886.jpg,motion_blur,high,15.9294
569917,000000569917.jpg,motion_blur,high,20.3678
570688,000000570688.jpg,motion_blur,high,15.0199
571008,000000571008.jpg,motion_blur,high,20.2753
572388,000000572388.jpg,motion_blur,high,19.1968
577584,000000577584.jpg,motion_blur,high,17.3142
578871,000000578871.jpg,motion_blur,high,14.5573
578967,000000578967.jpg,motion_blur,high,13.3446
579158,000000579158.jpg,motion_blur,high,14.8763
580294,000000580294.jpg,motion_blur,high,17.2419
